Movie ID,Primary Title,Movie Length,Genres,Average Rating,Num of Votes,Primary Name,Position,id,release_date,movie,production_budget,domestic_gross,worldwide_gross
tt1375666,Inception,148.0,"Action, Adventure, Sci-Fi",8.8,1841066,Leonardo DiCaprio,actor,38,"Jul 16, 2010",Inception,"$160,000,000","$292,576,195","$835,524,642"
tt0816692,Interstellar,169.0,"Adventure, Drama, Sci-Fi",8.6,1299334,Matthew McConaughey,actor,32,"Nov 5, 2014",Interstellar,"$165,000,000","$188,017,894","$666,379,375"
tt2582802,Whiplash,106.0,"Drama, Music",8.5,616916,Paul Reiser,actor,43,"Oct 10, 2014",Whiplash,"$3,300,000","$13,092,006","$38,969,037"
tt4154756,Avengers: Infinity War,149.0,"Action, Adventure, Sci-Fi",8.5,670926,Robert Downey Jr.,actor,7,"Apr 27, 2018",Avengers: Infinity War,"$300,000,000","$678,815,482","$2,048,134,200"
tt5074352,Dangal,161.0,"Action, Biography, Drama",8.5,123638,Aamir Khan,actor,56,"Dec 21, 2016",Dangal,"$9,500,000","$12,391,761","$294,654,618"
tt1853728,Django Unchained,165.0,"Drama, Western",8.4,1211405,Leonardo DiCaprio,actor,69,"Dec 25, 2012",Django Unchained,"$100,000,000","$162,805,434","$449,948,323"
tt1345836,The Dark Knight Rises,164.0,"Action, Thriller",8.4,1387769,Gary Oldman,actor,11,"Jul 20, 2012",The Dark Knight Rises,"$275,000,000","$448,139,099","$1,084,439,099"
tt2380307,Coco,105.0,"Adventure, Animation, Comedy",8.4,277194,Benjamin Bratt,actor,2,"Nov 22, 2017",Coco,"$175,000,000","$209,726,015","$798,008,101"
tt0435761,Toy Story 3,103.0,"Adventure, Animation, Comedy",8.3,682218,Tom Hanks,actor,47,"Jun 18, 2010",Toy Story 3,"$200,000,000","$415,004,880","$1,068,879,522"
tt6966692,Green Book,130.0,"Biography, Comedy, Drama",8.3,204972,Viggo Mortensen,actor,71,"Nov 16, 2018",Green Book,"$23,000,000","$85,080,171","$322,034,439"
tt0993846,The Wolf of Wall Street,180.0,"Biography, Crime, Drama",8.2,1035358,Leonardo DiCaprio,actor,76,"Dec 25, 2013",The Wolf of Wall Street,"$100,000,000","$116,900,694","$389,870,414"
tt5027774,"Three Billboards Outside Ebbing, Missouri",115.0,"Crime, Drama",8.2,344047,Woody Harrelson,actor,59,"Nov 10, 2017","Three Billboards Outside Ebbing, Missouri","$12,000,000","$54,513,740","$160,191,915"
tt3170832,Room,118.0,"Drama, Thriller",8.2,316791,Sean Bridgers,actor,80,"Oct 16, 2015",Room,"$13,000,000","$14,677,674","$36,262,783"
tt1291584,Warrior,140.0,"Drama, Sport",8.2,403755,Nick Nolte,actor,74,"Sep 9, 2011",Warrior,"$25,000,000","$13,657,115","$24,215,385"
tt2267998,Gone Girl,149.0,"Drama, Mystery, Thriller",8.1,761592,Ben Affleck,actor,36,"Oct 3, 2014",Gone Girl,"$61,000,000","$167,767,189","$368,567,189"
tt0848228,The Avengers,143.0,"Action, Adventure, Sci-Fi",8.1,1183655,Robert Downey Jr.,actor,27,"May 4, 2012",The Avengers,"$225,000,000","$623,279,547","$1,517,935,897"
tt0848228,The Avengers,143.0,"Action, Adventure, Sci-Fi",8.1,1183655,Robert Downey Jr.,actor,35,"Aug 14, 1998",The Avengers,"$60,000,000","$23,385,416","$48,585,416"
tt1895587,Spotlight,129.0,"Crime, Drama",8.1,365110,Michael Keaton,actor,34,"Nov 6, 2015",Spotlight,"$20,000,000","$45,055,776","$92,088,460"
tt3315342,Logan,137.0,"Action, Drama, Sci-Fi",8.1,560270,Patrick Stewart,actor,59,"Mar 3, 2017",Logan,"$127,000,000","$226,277,068","$615,461,394"
tt2024544,12 Years a Slave,134.0,"Biography, Drama, History",8.1,577301,Brad Pitt,actor,18,"Oct 18, 2013",12 Years a Slave,"$20,000,000","$56,671,993","$181,025,343"
tt1130884,Shutter Island,138.0,"Mystery, Thriller",8.1,1005960,Leonardo DiCaprio,actor,52,"Feb 19, 2010",Shutter Island,"$80,000,000","$128,012,934","$299,461,782"
tt2015381,Guardians of the Galaxy,121.0,"Action, Adventure, Comedy",8.1,948394,Vin Diesel,actor,14,"Aug 1, 2014",Guardians of the Galaxy,"$170,000,000","$333,172,112","$770,867,516"
tt0790636,Dallas Buyers Club,117.0,"Biography, Drama",8.0,402462,Matthew McConaughey,actor,73,"Nov 1, 2013",Dallas Buyers Club,"$5,000,000","$27,298,285","$60,611,845"
tt3576728,Bilal: A New Breed of Hero,105.0,"Action, Adventure, Animation",8.0,16854,Thomas Ian Nicholas,actor,100,"Feb 2, 2018",Bilal: A New Breed of Hero,"$30,000,000","$490,973","$648,599"
tt3659388,The Martian,144.0,"Adventure, Drama, Sci-Fi",8.0,680116,Matt Damon,actor,46,"Oct 2, 2015",The Martian,"$108,000,000","$228,433,663","$655,271,443"
tt1856101,Blade Runner 2049,164.0,"Drama, Mystery, Sci-Fi",8.0,376241,Harrison Ford,actor,80,"Oct 6, 2017",Blade Runner 2049,"$185,000,000","$92,054,159","$259,357,408"
tt3783958,La La Land,128.0,"Comedy, Drama, Music",8.0,436070,Ryan Gosling,actor,92,"Dec 9, 2016",La La Land,"$20,000,000","$151,101,803","$426,351,163"
tt1798709,Her,126.0,"Drama, Romance, Sci-Fi",8.0,467232,Joaquin Phoenix,actor,80,"Jan 10, 2014",Her,"$23,000,000","$25,568,251","$48,163,815"
tt7961060,Dragon Ball Super: Broly,100.0,"Action, Adventure, Animation",8.0,16465,Toshio Furukawa,actor,36,"Jan 16, 2019",Dragon Ball Super: Broly,"$8,500,000","$30,376,755","$122,747,755"
tt2948356,Zootopia,108.0,"Adventure, Animation, Comedy",8.0,383446,Jason Bateman,actor,57,"Mar 4, 2016",Zootopia,"$150,000,000","$341,268,248","$1,019,429,616"
tt1431045,Deadpool,108.0,"Action, Adventure, Comedy",8.0,820847,Ryan Reynolds,actor,56,"Feb 12, 2016",Deadpool,"$58,000,000","$363,070,709","$801,025,593"
tt1663202,The Revenant,156.0,"Action, Adventure, Biography",8.0,621193,Leonardo DiCaprio,actor,27,"Dec 25, 2015",The Revenant,"$135,000,000","$183,637,894","$532,938,302"
tt2084970,The Imitation Game,114.0,"Biography, Drama, Thriller",8.0,620834,Matthew Goode,actor,6,"Nov 28, 2014",The Imitation Game,"$15,000,000","$91,125,143","$227,740,463"
tt1631867,Edge of Tomorrow,113.0,"Action, Sci-Fi",7.9,546284,Tom Cruise,actor,95,"Jun 6, 2014",Edge of Tomorrow,"$178,000,000","$100,206,256","$370,541,256"
tt2872718,Nightcrawler,117.0,"Crime, Drama, Thriller",7.9,404476,Bill Paxton,actor,34,"Oct 31, 2014",Nightcrawler,"$8,500,000","$32,381,218","$50,334,418"
tt2543164,Arrival,116.0,"Drama, Mystery, Sci-Fi",7.9,515483,Forest Whitaker,actor,34,"Nov 11, 2016",Arrival,"$47,000,000","$100,546,139","$203,127,894"
tt2209418,Before Midnight,109.0,"Drama, Romance",7.9,123107,Ethan Hawke,actor,99,"May 24, 2013",Before Midnight,"$3,000,000","$8,110,621","$23,251,930"
tt4698684,Hunt for the Wilderpeople,101.0,"Adventure, Comedy, Drama",7.9,87532,Sam Neill,actor,25,"Jun 24, 2016",Hunt for the Wilderpeople,"$2,500,000","$5,205,471","$23,845,533"
tt1655442,The Artist,100.0,"Comedy, Drama, Romance",7.9,217184,James Cromwell,actor,34,"Nov 25, 2011",The Artist,"$16,000,000","$44,667,095","$128,256,712"
tt4846340,Hidden Figures,127.0,"Biography, Drama, History",7.8,171131,Kevin Costner,actor,64,"Dec 25, 2016",Hidden Figures,"$25,000,000","$169,607,287","$231,771,716"
tt1596363,The Big Short,130.0,"Biography, Comedy, Drama",7.8,309227,Brad Pitt,actor,42,"Dec 11, 2015",The Big Short,"$28,000,000","$70,259,870","$133,162,752"
tt2245084,Big Hero 6,102.0,"Action, Adventure, Animation",7.8,371204,Scott Adsit,actor,29,"Nov 7, 2014",Big Hero 6,"$165,000,000","$222,527,828","$652,127,828"
tt1490017,The Lego Movie,100.0,"Action, Adventure, Animation",7.8,304179,Will Ferrell,actor,44,"Feb 7, 2014",The Lego Movie,"$60,000,000","$257,784,718","$457,729,388"
tt5463162,Deadpool 2,119.0,"Action, Adventure, Comedy",7.8,391735,Josh Brolin,actor,15,"May 18, 2018",Deadpool 2,"$110,000,000","$324,591,735","$786,680,557"
tt1535109,Captain Phillips,134.0,"Biography, Drama, Thriller",7.8,387402,Tom Hanks,actor,92,"Oct 11, 2013",Captain Phillips,"$55,000,000","$107,136,417","$220,648,184"
tt3498820,Captain America: Civil War,147.0,"Action, Adventure, Sci-Fi",7.8,583507,Robert Downey Jr.,actor,17,"May 6, 2016",Captain America: Civil War,"$250,000,000","$408,084,349","$1,140,069,413"
tt1074638,Skyfall,143.0,"Action, Adventure, Thriller",7.8,592221,Javier Bardem,actor,52,"Nov 8, 2012",Skyfall,"$200,000,000","$304,360,277","$1,110,526,981"
tt0964517,The Fighter,116.0,"Biography, Drama, Sport",7.8,316539,Mark Wahlberg,actor,68,"Dec 10, 2010",The Fighter,"$11,000,000","$93,617,009","$129,262,388"
tt0398286,Tangled,100.0,"Adventure, Animation, Comedy",7.8,366366,Ron Perlman,actor,15,"Nov 24, 2010",Tangled,"$260,000,000","$200,821,936","$586,477,240"
tt0780504,Drive,100.0,"Crime, Drama",7.8,521495,Albert Brooks,actor,36,"Sep 16, 2011",Drive,"$15,000,000","$35,060,689","$81,357,930"
tt3460252,The Hateful Eight,168.0,"Crime, Drama, Mystery",7.8,434966,Samuel L. Jackson,actor,33,"Dec 25, 2015",The Hateful Eight,"$62,000,000","$54,117,416","$147,864,886"
tt4302938,Kubo and the Two Strings,101.0,"Action, Adventure, Animation",7.8,105578,Ralph Fiennes,actor,22,"Aug 19, 2016",Kubo and the Two Strings,"$55,000,000","$48,023,088","$77,548,122"
tt1843866,Captain America: The Winter Soldier,136.0,"Action, Adventure, Sci-Fi",7.8,666252,Samuel L. Jackson,actor,16,"Apr 4, 2014",Captain America: The Winter Soldier,"$170,000,000","$259,746,958","$714,401,889"
tt1821549,Nebraska,115.0,"Adventure, Comedy, Drama",7.7,105304,Bruce Dern,actor,91,"Nov 15, 2013",Nebraska,"$12,000,000","$17,654,912","$24,761,360"
tt2802144,Kingsman: The Secret Service,129.0,"Action, Adventure, Comedy",7.7,544510,Colin Firth,actor,29,"Feb 13, 2015",Kingsman: The Secret Service,"$94,000,000","$128,261,724","$404,561,724"
tt1270798,X-Men: First Class,131.0,"Action, Adventure, Sci-Fi",7.7,608930,Kevin Bacon,actor,42,"Jun 3, 2011",X-Men: First Class,"$160,000,000","$146,408,305","$355,408,305"
tt1045658,Silver Linings Playbook,122.0,"Comedy, Drama, Romance",7.7,621018,Robert De Niro,actor,59,"Nov 16, 2012",Silver Linings Playbook,"$21,000,000","$132,092,958","$236,412,453"
tt1772341,Wreck-It Ralph,101.0,"Adventure, Animation, Comedy",7.7,344496,John C. Reilly,actor,31,"Nov 2, 2012",Wreck-It Ralph,"$165,000,000","$189,412,677","$496,511,521"
tt2562232,Birdman or (The Unexpected Virtue of Ignorance),119.0,"Comedy, Drama",7.7,519417,Michael Keaton,actor,86,"Oct 17, 2014",Birdman or (The Unexpected Virtue of Ignorance),"$18,000,000","$42,340,598","$103,215,094"
tt1754656,The Little Prince,108.0,"Adventure, Animation, Drama",7.7,50015,Jeff Bridges,actor,19,"Feb 12, 2016",The Little Prince,"$77,500,000","$1,311,213","$102,028,919"
tt2713180,Fury,134.0,"Action, Drama, War",7.6,381993,Brad Pitt,actor,68,"Oct 17, 2014",Fury,"$80,000,000","$85,817,906","$210,315,681"
tt1250777,Kick-Ass,117.0,"Action, Comedy",7.6,497363,Nicolas Cage,actor,54,"Apr 16, 2010",Kick-Ass,"$28,000,000","$48,071,303","$97,531,134"
tt0840361,The Town,125.0,"Crime, Drama, Thriller",7.6,322524,Ben Affleck,actor,92,"Sep 17, 2010",The Town,"$37,000,000","$92,186,262","$152,566,881"
tt1403865,True Grit,110.0,"Adventure, Drama, Western",7.6,284034,Jeff Bridges,actor,29,"Dec 22, 2010",True Grit,"$35,000,000","$171,243,005","$252,276,928"
tt0816442,The Book Thief,131.0,"Drama, War",7.6,119023,Geoffrey Rush,actor,41,"Nov 8, 2013",The Book Thief,"$19,000,000","$21,488,481","$76,086,711"
tt2386490,How to Train Your Dragon: The Hidden World,104.0,"Action, Adventure, Animation",7.6,60769,F. Murray Abraham,actor,56,"Feb 22, 2019",How to Train Your Dragon: The Hidden World,"$129,000,000","$160,791,800","$519,258,283"
tt2103281,Dawn of the Planet of the Apes,130.0,"Action, Adventure, Drama",7.6,390199,Gary Oldman,actor,17,"Jul 11, 2014",Dawn of the Planet of the Apes,"$170,000,000","$208,545,589","$710,644,566"
tt1210166,Moneyball,133.0,"Biography, Drama, Sport",7.6,326657,Brad Pitt,actor,15,"Sep 23, 2011",Moneyball,"$50,000,000","$75,605,492","$111,300,835"
tt1649419,The Impossible,114.0,"Drama, History, Thriller",7.6,177762,Ewan McGregor,actor,100,"Dec 21, 2012",The Impossible,"$40,000,000","$19,019,882","$169,590,606"
tt2582782,Hell or High Water,102.0,"Action, Crime, Drama",7.6,176469,Jeff Bridges,actor,77,"Aug 12, 2016",Hell or High Water,"$12,000,000","$27,007,844","$37,584,304"
tt3076658,Creed,133.0,"Drama, Sport",7.6,224671,Sylvester Stallone,actor,91,"Nov 25, 2015",Creed,"$37,000,000","$109,767,581","$173,567,581"
tt3397884,Sicario,121.0,"Action, Crime, Drama",7.6,328548,Josh Brolin,actor,100,"Sep 18, 2015",Sicario,"$30,000,000","$46,889,293","$84,393,749"
tt5649144,The Florida Project,111.0,Drama,7.6,72193,Willem Dafoe,actor,11,"Oct 6, 2017",The Florida Project,"$2,000,000","$5,904,366","$11,295,324"
tt3682448,Bridge of Spies,142.0,"Drama, History, Thriller",7.6,263004,Tom Hanks,actor,10,"Oct 16, 2015",Bridge of Spies,"$40,000,000","$72,313,754","$162,498,338"
tt1515091,Sherlock Holmes: A Game of Shadows,129.0,"Action, Adventure, Crime",7.5,394189,Jude Law,actor,69,"Dec 16, 2011",Sherlock Holmes: A Game of Shadows,"$125,000,000","$186,848,418","$535,663,443"
tt1020072,Selma,128.0,"Biography, Drama, History",7.5,77633,Tim Roth,actor,25,"Jan 9, 2015",Selma,"$20,000,000","$52,076,908","$66,776,576"
tt0453562,42,128.0,"Biography, Drama, Sport",7.5,77703,Harrison Ford,actor,22,"Apr 12, 2013",42,"$31,000,000","$95,020,213","$97,470,701"
tt1091191,Lone Survivor,121.0,"Action, Biography, Drama",7.5,246641,Mark Wahlberg,actor,84,"Dec 25, 2013",Lone Survivor,"$40,000,000","$125,095,601","$149,804,632"
tt2140373,Saving Mr. Banks,125.0,"Biography, Comedy, Drama",7.5,140678,Tom Hanks,actor,37,"Dec 13, 2013",Saving Mr. Banks,"$35,000,000","$83,299,761","$114,962,525"
tt2250912,Spider-Man: Homecoming,133.0,"Action, Adventure, Sci-Fi",7.5,426302,Robert Downey Jr.,actor,99,"Jul 7, 2017",Spider-Man: Homecoming,"$175,000,000","$334,201,140","$880,166,350"
tt3450958,War for the Planet of the Apes,140.0,"Action, Adventure, Drama",7.5,201943,Woody Harrelson,actor,52,"Jul 14, 2017",War for the Planet of the Apes,"$152,000,000","$146,880,162","$489,592,267"
tt2042568,Inside Llewyn Davis,104.0,"Drama, Music",7.5,123759,John Goodman,actor,94,"Dec 6, 2013",Inside Llewyn Davis,"$11,000,000","$13,248,209","$32,943,247"
tt1242460,We Need to Talk About Kevin,112.0,"Drama, Mystery, Thriller",7.5,123619,John C. Reilly,actor,43,"Jan 13, 2012",We Need to Talk About Kevin,"$7,000,000","$1,738,692","$10,765,283"
tt1951264,The Hunger Games: Catching Fire,146.0,"Action, Adventure, Sci-Fi",7.5,575455,Philip Seymour Hoffman,actor,38,"Nov 22, 2013",The Hunger Games: Catching Fire,"$130,000,000","$424,668,047","$864,868,047"
tt1164999,Biutiful,148.0,"Drama, Romance",7.5,80382,Javier Bardem,actor,44,"Jan 28, 2011",Biutiful,"$35,000,000","$5,101,237","$24,687,524"
tt2381111,Brooklyn,117.0,"Drama, Romance",7.5,117021,Jim Broadbent,actor,79,"Nov 4, 2015",Brooklyn,"$11,000,000","$38,322,743","$62,076,141"
tt2097298,"McFarland, USA",129.0,"Biography, Drama, Sport",7.4,31735,Kevin Costner,actor,80,"Feb 20, 2015","McFarland, USA","$17,000,000","$44,480,275","$45,707,924"
tt6450186,I Can Only Imagine,110.0,"Biography, Drama, Family",7.4,11439,Dennis Quaid,actor,90,"Mar 16, 2018",I Can Only Imagine,"$7,000,000","$83,482,352","$85,604,221"
tt1219289,Limitless,105.0,"Mystery, Sci-Fi, Thriller",7.4,492490,Robert De Niro,actor,91,"Mar 18, 2011",Limitless,"$27,000,000","$79,249,455","$155,564,919"
tt1371111,Cloud Atlas,172.0,"Action, Drama, Mystery",7.4,326473,Tom Hanks,actor,63,"Oct 26, 2012",Cloud Atlas,"$102,000,000","$27,108,272","$130,673,154"
tt6139732,Aladdin,128.0,"Adventure, Comedy, Family",7.4,57549,Will Smith,actor,81,"May 24, 2019",Aladdin,"$182,000,000","$246,734,314","$619,234,314"
tt6139732,Aladdin,128.0,"Adventure, Comedy, Family",7.4,57549,Will Smith,actor,33,"Nov 11, 1992",Aladdin,"$28,000,000","$217,350,219","$504,050,219"
tt4555426,Darkest Hour,125.0,"Biography, Drama, History",7.4,136546,Gary Oldman,actor,84,"Nov 22, 2017",Darkest Hour,"$30,000,000","$56,443,120","$150,807,172"
tt2674426,Me Before You,106.0,"Drama, Romance",7.4,174567,Charles Dance,actor,20,"Jun 3, 2016",Me Before You,"$20,000,000","$56,245,075","$208,265,198"
tt1810683,Little Boy,106.0,"Drama, History, War",7.4,20945,Michael Rapaport,actor,65,"Apr 24, 2015",Little Boy,"$20,000,000","$6,485,961","$17,769,299"
tt1935179,Mud,130.0,Drama,7.4,156786,Matthew McConaughey,actor,98,"Apr 26, 2013",Mud,"$10,000,000","$21,590,086","$31,556,959"
tt3040964,The Jungle Book,106.0,"Adventure, Drama, Family",7.4,240821,Bill Murray,actor,97,"Apr 15, 2016",The Jungle Book,"$175,000,000","$364,001,123","$962,854,547"
tt3040964,The Jungle Book,106.0,"Adventure, Drama, Family",7.4,240821,Bill Murray,actor,96,"Dec 25, 1994",The Jungle Book,"$27,000,000","$44,342,956","$44,342,956"
tt1798684,Southpaw,124.0,"Drama, Sport",7.4,199783,Forest Whitaker,actor,92,"Jul 24, 2015",Southpaw,"$30,000,000","$52,421,953","$94,156,456"
tt5932728,The Professor and the Madman,124.0,"Biography, Drama, Mystery",7.4,10383,Mel Gibson,actor,26,"May 10, 2019",The Professor and the Madman,"$25,000,000",$0,"$5,227,233"
tt2911666,John Wick,101.0,"Action, Crime, Thriller",7.4,449942,Keanu Reeves,actor,6,"Oct 24, 2014",John Wick,"$30,000,000","$43,037,835","$76,235,001"
tt1276104,Looper,113.0,"Action, Crime, Drama",7.4,500595,Bruce Willis,actor,69,"Sep 28, 2012",Looper,"$30,000,000","$66,486,205","$170,466,405"
tt1872194,The Judge,141.0,"Crime, Drama",7.4,162952,Robert Downey Jr.,actor,41,"Oct 10, 2014",The Judge,"$50,000,000","$47,119,388","$76,119,388"
tt1213641,First Man,141.0,"Biography, Drama, History",7.4,120009,Kyle Chandler,actor,6,"Oct 12, 2018",First Man,"$60,000,000","$44,936,545","$105,203,825"
tt1458175,The Next Three Days,133.0,"Action, Crime, Drama",7.4,168066,Russell Crowe,actor,49,"Nov 19, 2010",The Next Three Days,"$30,000,000","$21,148,651","$67,255,916"
tt4572514,Patriots Day,133.0,"Action, Crime, Drama",7.4,76204,Mark Wahlberg,actor,69,"Dec 21, 2016",Patriots Day,"$40,000,000","$31,886,361","$52,837,989"
tt7401588,Instant Family,118.0,"Comedy, Drama",7.4,46728,Mark Wahlberg,actor,20,"Nov 16, 2018",Instant Family,"$48,000,000","$67,363,237","$119,736,188"
tt3799694,The Nice Guys,116.0,"Action, Comedy, Crime",7.4,240337,Russell Crowe,actor,56,"May 20, 2016",The Nice Guys,"$50,000,000","$36,261,763","$59,596,747"
tt1212450,Lawless,116.0,"Crime, Drama",7.3,214055,Guy Pearce,actor,38,"Aug 29, 2012",Lawless,"$26,000,000","$37,397,291","$54,393,687"
tt0478970,Ant-Man,117.0,"Action, Adventure, Comedy",7.3,501213,Michael Douglas,actor,43,"Jul 17, 2015",Ant-Man,"$130,000,000","$180,202,163","$518,858,449"
tt2140479,The Accountant,128.0,"Action, Crime, Drama",7.3,233022,Ben Affleck,actor,100,"Oct 14, 2016",The Accountant,"$40,000,000","$86,260,045","$152,962,083"
tt7784604,Hereditary,127.0,"Drama, Horror, Mystery",7.3,151571,Gabriel Byrne,actor,56,"Jun 8, 2018",Hereditary,"$10,000,000","$44,069,456","$70,133,905"
tt1431181,Another Year,129.0,"Comedy, Drama",7.3,26273,Jim Broadbent,actor,8,"Dec 29, 2010",Another Year,"$8,000,000","$3,205,706","$20,005,613"
tt1189340,The Lincoln Lawyer,118.0,"Crime, Drama, Thriller",7.3,196109,Matthew McConaughey,actor,25,"Mar 18, 2011",The Lincoln Lawyer,"$40,000,000","$58,009,200","$87,145,086"
tt4575576,Christopher Robin,104.0,"Adventure, Animation, Comedy",7.3,52737,Ewan McGregor,actor,43,"Aug 3, 2018",Christopher Robin,"$75,000,000","$99,215,042","$197,504,758"
tt4116284,The Lego Batman Movie,104.0,"Action, Animation, Comedy",7.3,116433,Ralph Fiennes,actor,41,"Feb 10, 2017",The Lego Batman Movie,"$80,000,000","$175,750,384","$310,660,018"
tt2170593,St. Vincent,102.0,"Comedy, Drama",7.3,89372,Bill Murray,actor,61,"Oct 10, 2014",St. Vincent,"$13,000,000","$44,137,712","$54,837,234"
tt1313092,Animal Kingdom,113.0,"Crime, Drama",7.3,51576,Guy Pearce,actor,71,"Aug 13, 2010",Animal Kingdom,"$4,200,000","$1,044,039","$8,078,683"
tt0359950,The Secret Life of Walter Mitty,114.0,"Adventure, Comedy, Drama",7.3,275300,Ben Stiller,actor,37,"Dec 25, 2013",The Secret Life of Walter Mitty,"$91,000,000","$58,236,838","$187,861,183"
tt3312830,Youth,124.0,"Comedy, Drama, Music",7.3,64418,Harvey Keitel,actor,99,"Dec 4, 2015",Youth,"$13,000,000","$2,703,296","$24,001,573"
tt1453405,Monsters University,104.0,"Adventure, Animation, Comedy",7.3,291887,Steve Buscemi,actor,53,"Jun 21, 2013",Monsters University,"$200,000,000","$268,488,329","$743,588,329"
tt1670345,Now You See Me,115.0,"Crime, Mystery, Thriller",7.3,553156,Woody Harrelson,actor,41,"May 31, 2013",Now You See Me,"$75,000,000","$117,723,989","$342,769,200"
tt1033575,The Descendants,115.0,"Comedy, Drama",7.3,223464,George Clooney,actor,5,"Nov 16, 2011",The Descendants,"$20,000,000","$82,624,961","$175,507,800"
tt1596343,Fast Five,130.0,"Action, Crime, Thriller",7.3,329892,Vin Diesel,actor,67,"Apr 29, 2011",Fast Five,"$125,000,000","$210,031,325","$630,163,454"
tt1907668,Flight,138.0,"Drama, Thriller",7.3,303009,Denzel Washington,actor,23,"Nov 2, 2012",Flight,"$31,000,000","$93,772,375","$160,558,438"
tt2395427,Avengers: Age of Ultron,141.0,"Action, Adventure, Sci-Fi",7.3,665594,Robert Downey Jr.,actor,4,"May 1, 2015",Avengers: Age of Ultron,"$330,600,000","$459,005,868","$1,403,013,963"
tt1343092,The Great Gatsby,143.0,"Drama, Romance",7.3,433165,Leonardo DiCaprio,actor,70,"May 10, 2013",The Great Gatsby,"$190,000,000","$144,840,419","$351,040,419"
tt1343092,The Great Gatsby,143.0,"Drama, Romance",7.3,433165,Leonardo DiCaprio,actor,100,"Mar 29, 1974",The Great Gatsby,"$7,000,000","$26,533,200","$26,533,200"
tt1371155,Made in Dagenham,113.0,"Biography, Comedy, Drama",7.2,13121,Bob Hoskins,actor,14,"Nov 19, 2010",Made in Dagenham,"$8,000,000","$1,095,369","$15,644,196"
tt3532216,American Made,115.0,"Action, Biography, Comedy",7.2,131043,Tom Cruise,actor,32,"Sep 29, 2017",American Made,"$50,000,000","$51,342,000","$135,569,212"
tt2671706,Fences,139.0,Drama,7.2,86749,Denzel Washington,actor,37,"Dec 16, 2016",Fences,"$24,000,000","$57,682,904","$64,282,881"
tt4276820,The Founder,115.0,"Biography, Drama, History",7.2,97841,Michael Keaton,actor,90,"Jan 20, 2017",The Founder,"$15,000,000","$12,786,053","$24,403,192"
tt6294822,The Post,116.0,"Biography, Drama, History",7.2,108017,Tom Hanks,actor,9,"Dec 22, 2017",The Post,"$50,000,000","$81,903,458","$179,748,880"
tt1800241,American Hustle,138.0,"Crime, Drama",7.2,418221,Christian Bale,actor,80,"Dec 13, 2013",American Hustle,"$40,000,000","$150,117,807","$257,878,294"
tt0787524,The Man Who Knew Infinity,108.0,"Biography, Drama",7.2,43575,Jeremy Irons,actor,67,"Apr 29, 2016",The Man Who Knew Infinity,"$10,000,000","$3,877,922","$12,382,122"
tt0455944,The Equalizer,132.0,"Action, Crime, Thriller",7.2,302302,Denzel Washington,actor,96,"Sep 26, 2014",The Equalizer,"$55,000,000","$101,530,738","$192,903,624"
tt5340300,Lean on Pete,121.0,"Adventure, Drama",7.2,8607,Steve Buscemi,actor,13,"Apr 6, 2018",Lean on Pete,"$8,000,000","$1,163,056","$2,455,027"
tt1723811,Shame,101.0,Drama,7.2,171353,James Badge Dale,actor,97,"Dec 2, 2011",Shame,"$6,500,000","$4,002,293","$20,412,841"
tt1327773,Lee Daniels' The Butler,132.0,"Biography, Drama",7.2,102468,John Cusack,actor,45,"Aug 16, 2013",Lee Daniels' The Butler,"$30,000,000","$116,632,095","$177,025,498"
tt1399683,Winter's Bone,100.0,"Drama, Mystery",7.2,127751,Garret Dillahunt,actor,8,"Jun 11, 2010",Winter's Bone,"$2,000,000","$6,531,503","$16,131,551"
tt1192628,Rango,107.0,"Adventure, Animation, Comedy",7.2,215761,Johnny Depp,actor,29,"Mar 4, 2011",Rango,"$135,000,000","$123,477,607","$245,724,600"
tt4595882,Can You Ever Forgive Me?,106.0,"Biography, Comedy, Crime",7.2,29473,Richard E. Grant,actor,40,"Oct 19, 2018",Can You Ever Forgive Me?,"$10,000,000","$8,803,865","$11,752,387"
tt2072227,Shanghai,120.0,"Crime, Mystery, Thriller",7.2,9047,Prasenjit Chatterjee,actor,5,"Oct 2, 2015",Shanghai,"$50,000,000","$46,425","$15,505,922"
tt6343314,Creed II,130.0,"Drama, Sport",7.2,72503,Sylvester Stallone,actor,96,"Nov 21, 2018",Creed II,"$50,000,000","$115,715,889","$213,591,522"
tt1179933,10 Cloverfield Lane,103.0,"Drama, Horror, Mystery",7.2,260383,John Goodman,actor,54,"Mar 11, 2016",10 Cloverfield Lane,"$5,000,000","$72,082,999","$108,286,422"
tt1921149,Trash,114.0,"Adventure, Crime, Drama",7.2,18690,Martin Sheen,actor,46,"Oct 9, 2015",Trash,"$12,000,000","$17,484","$6,553,186"
tt1300854,Iron Man 3,130.0,"Action, Adventure, Sci-Fi",7.2,692794,Don Cheadle,actor,48,"May 3, 2013",Iron Man 3,"$200,000,000","$408,992,272","$1,215,392,272"
tt1232829,21 Jump Street,109.0,"Action, Comedy, Crime",7.2,477771,Ice Cube,actor,44,"Mar 16, 2012",21 Jump Street,"$42,000,000","$138,447,667","$202,812,429"
tt1532503,Beginners,105.0,"Comedy, Drama, Romance",7.2,83770,Ewan McGregor,actor,57,"Jun 3, 2011",Beginners,"$3,200,000","$5,790,894","$14,314,407"
tt2316801,Beauty and the Beast,112.0,"Drama, Fantasy, Romance",6.4,18100,Vincent Cassel,actor,35,"Mar 17, 2017",Beauty and the Beast,"$160,000,000","$504,014,165","$1,259,199,706"
tt2316801,Beauty and the Beast,112.0,"Drama, Fantasy, Romance",6.4,18100,Vincent Cassel,actor,86,"Nov 13, 1991",Beauty and the Beast,"$20,000,000","$376,057,266","$608,431,132"
tt1392170,The Hunger Games,142.0,"Action, Adventure, Sci-Fi",7.2,795227,Stanley Tucci,actor,38,"Mar 23, 2012",The Hunger Games,"$80,000,000","$408,010,692","$677,923,379"
tt1655441,The Age of Adaline,112.0,"Drama, Fantasy, Romance",7.2,138924,Harrison Ford,actor,8,"Apr 24, 2015",The Age of Adaline,"$30,000,000","$42,629,776","$68,984,536"
tt1139328,The Ghost Writer,128.0,"Drama, Mystery, Thriller",7.2,148274,Pierce Brosnan,actor,11,"Feb 19, 2010",The Ghost Writer,"$45,000,000","$15,541,549","$65,532,491"
tt1931533,Seven Psychopaths,110.0,"Comedy, Crime",7.2,223493,Woody Harrelson,actor,36,"Oct 12, 2012",Seven Psychopaths,"$13,500,000","$15,024,049","$33,035,736"
tt1477834,Aquaman,143.0,"Action, Adventure, Fantasy",7.1,263328,Willem Dafoe,actor,36,"Dec 21, 2018",Aquaman,"$160,000,000","$335,061,807","$1,146,894,640"
tt1340800,Tinker Tailor Soldier Spy,122.0,"Drama, Mystery, Thriller",7.1,174890,Colin Firth,actor,72,"Dec 9, 2011",Tinker Tailor Soldier Spy,"$21,000,000","$24,149,393","$81,452,811"
tt1385826,The Adjustment Bureau,106.0,"Romance, Sci-Fi, Thriller",7.1,227616,Matt Damon,actor,81,"Mar 4, 2011",The Adjustment Bureau,"$50,200,000","$62,495,645","$126,931,325"
tt1416801,Kill the Irishman,106.0,"Biography, Crime, Drama",7.1,41504,Val Kilmer,actor,32,"Mar 11, 2011",Kill the Irishman,"$12,000,000","$1,188,194","$1,188,194"
tt2494362,Bone Tomahawk,132.0,"Adventure, Drama, Horror",7.1,70298,Kurt Russell,actor,77,"Oct 23, 2015",Bone Tomahawk,"$2,000,000",$0,"$475,846"
tt5052474,Sicario: Day of the Soldado,122.0,"Action, Crime, Drama",7.1,95650,Josh Brolin,actor,59,"Jun 29, 2018",Sicario: Day of the Soldado,"$35,000,000","$50,065,850","$75,885,196"
tt1600196,The Drop,106.0,"Crime, Drama",7.1,132161,James Gandolfini,actor,16,"Sep 12, 2014",The Drop,"$12,600,000","$10,724,389","$19,054,534"
tt2053463,Side Effects,106.0,"Crime, Drama, Mystery",7.1,168466,Jude Law,actor,32,"Feb 8, 2013",Side Effects,"$30,000,000","$32,172,757","$66,742,138"
tt2053463,Side Effects,106.0,"Crime, Drama, Mystery",7.1,168466,Jude Law,actor,29,"Sep 9, 2005",Side Effects,"$200,000","$44,701","$44,701"
tt3007512,The Water Diviner,111.0,"Drama, History, War",7.1,66595,Russell Crowe,actor,4,"Apr 24, 2015",The Water Diviner,"$22,500,000","$4,200,117","$31,054,727"
tt2361509,The Intern,121.0,"Comedy, Drama",7.1,191494,Robert De Niro,actor,6,"Sep 25, 2015",The Intern,"$40,000,000","$75,764,672","$197,115,710"
tt2058107,The Railway Man,116.0,"Biography, Drama, Romance",7.1,34586,Colin Firth,actor,33,"Apr 11, 2014",The Railway Man,"$18,000,000","$4,438,438","$23,910,210"
tt1560747,The Master,138.0,Drama,7.1,131365,Philip Seymour Hoffman,actor,87,"Sep 14, 2012",The Master,"$37,500,000","$16,247,159","$50,647,416"
tt7959026,The Mule,116.0,"Crime, Drama, Thriller",7.1,58955,Clint Eastwood,actor,100,"Dec 14, 2018",The Mule,"$50,000,000","$103,804,407","$170,857,676"
tt6053438,First Reformed,113.0,"Drama, Mystery, Thriller",7.1,33542,Ethan Hawke,actor,11,"May 18, 2018",First Reformed,"$3,500,000","$3,448,256","$3,874,772"
tt4178092,The Gift,108.0,"Drama, Mystery, Thriller",7.1,123834,Jason Bateman,actor,28,"Dec 19, 2000",The Gift,"$10,000,000","$12,008,642","$44,567,606"
tt4178092,The Gift,108.0,"Drama, Mystery, Thriller",7.1,123834,Jason Bateman,actor,63,"Aug 7, 2015",The Gift,"$5,000,000","$43,787,265","$58,978,477"
tt3470600,Sing,108.0,"Animation, Comedy, Family",7.1,115951,Matthew McConaughey,actor,29,"Dec 21, 2016",Sing,"$75,000,000","$270,329,045","$634,454,789"
tt1840417,The Words,102.0,"Drama, Mystery, Romance",7.1,70308,Dennis Quaid,actor,46,"Sep 7, 2012",The Words,"$6,000,000","$11,494,838","$16,369,708"
tt1615147,Margin Call,107.0,"Drama, Thriller",7.1,107264,Kevin Spacey,actor,37,"Oct 21, 2011",Margin Call,"$3,400,000","$5,353,586","$20,433,227"
tt1860357,Deepwater Horizon,107.0,"Action, Drama, History",7.1,133303,Mark Wahlberg,actor,47,"Sep 30, 2016",Deepwater Horizon,"$156,000,000","$61,433,527","$122,603,824"
tt6628394,Bad Times at the El Royale,141.0,"Crime, Drama, Mystery",7.1,86318,Jeff Bridges,actor,10,"Oct 12, 2018",Bad Times at the El Royale,"$32,000,000","$17,839,115","$29,204,379"
tt5095030,Ant-Man and the Wasp,118.0,"Action, Adventure, Comedy",7.1,244024,Walton Goggins,actor,41,"Jul 6, 2018",Ant-Man and the Wasp,"$130,000,000","$216,648,740","$623,144,660"
tt4832640,Sultan,170.0,"Action, Drama, Sport",7.1,33371,Salman Khan,actor,100,"Jul 6, 2016",Sultan,"$11,000,000","$5,599,781","$72,989,781"
tt1124035,The Ides of March,101.0,"Drama, Thriller",7.1,207417,George Clooney,actor,76,"Oct 7, 2011",The Ides of March,"$23,000,000","$40,962,534","$77,735,925"
tt1389137,We Bought a Zoo,124.0,"Comedy, Drama, Family",7.1,126849,Matt Damon,actor,14,"Dec 23, 2011",We Bought a Zoo,"$50,000,000","$75,624,550","$118,729,073"
tt3322364,Concussion,123.0,"Biography, Drama, Sport",7.1,77576,Will Smith,actor,80,"Dec 25, 2015",Concussion,"$35,000,000","$34,531,832","$50,363,790"
tt2726560,The Longest Ride,123.0,"Drama, Romance",7.1,70327,Alan Alda,actor,61,"Apr 10, 2015",The Longest Ride,"$34,000,000","$37,446,117","$63,802,928"
tt1706620,Snowpiercer,126.0,"Action, Drama, Sci-Fi",7.1,239264,Ed Harris,actor,27,"Jun 27, 2014",Snowpiercer,"$40,000,000","$4,563,029","$88,069,880"
tt3640424,Allied,124.0,"Action, Drama, Romance",7.1,125741,Brad Pitt,actor,47,"Nov 23, 2016",Allied,"$106,000,000","$40,098,064","$119,266,661"
tt0816711,World War Z,116.0,"Action, Adventure, Horror",7.0,553751,Brad Pitt,actor,69,"Jun 21, 2013",World War Z,"$190,000,000","$202,359,711","$531,514,650"
tt1647668,Million Dollar Arm,124.0,"Biography, Drama, Sport",7.0,41008,Alan Arkin,actor,17,"May 16, 2014",Million Dollar Arm,"$25,000,000","$36,447,959","$39,217,912"
tt1355644,Passengers,116.0,"Drama, Romance, Sci-Fi",7.0,311083,Laurence Fishburne,actor,28,"Dec 21, 2016",Passengers,"$110,000,000","$100,014,699","$302,239,672"
tt1483013,Oblivion,124.0,"Action, Adventure, Sci-Fi",7.0,453966,Tom Cruise,actor,93,"Apr 19, 2013",Oblivion,"$120,000,000","$89,107,235","$287,916,633"
tt2704998,Game Night,100.0,"Action, Comedy, Crime",7.0,163279,Jason Bateman,actor,94,"Feb 23, 2018",Game Night,"$37,000,000","$69,179,066","$117,378,084"
tt1228705,Iron Man 2,124.0,"Action, Adventure, Sci-Fi",7.0,657690,Don Cheadle,actor,15,"May 7, 2010",Iron Man 2,"$170,000,000","$312,433,331","$621,156,389"
tt2937898,A Most Violent Year,125.0,"Crime, Drama, Thriller",7.0,60165,Alessandro Nivola,actor,68,"Dec 31, 2014",A Most Violent Year,"$20,000,000","$5,749,134","$8,846,875"
tt4971344,The Sisters Brothers,122.0,"Adventure, Comedy, Crime",7.0,32135,John C. Reilly,actor,82,"Sep 21, 2018",The Sisters Brothers,"$38,000,000","$3,143,056","$13,143,056"
tt1615160,The Foreigner,113.0,"Action, Thriller",7.0,81288,Jackie Chan,actor,81,"Oct 13, 2017",The Foreigner,"$35,000,000","$34,393,507","$140,783,360"
tt2294449,22 Jump Street,112.0,"Action, Comedy, Crime",7.0,319504,Ice Cube,actor,85,"Jun 13, 2014",22 Jump Street,"$50,000,000","$191,719,337","$331,333,876"
tt1183923,Welcome to the Rileys,110.0,Drama,7.0,22210,James Gandolfini,actor,12,"Oct 29, 2010",Welcome to the Rileys,"$10,000,000","$152,857","$355,919"
tt1216491,Kill the Messenger,112.0,"Biography, Crime, Drama",7.0,41231,Robert Patrick,actor,51,"Oct 10, 2014",Kill the Messenger,"$5,000,000","$2,450,846","$6,656,705"
tt4154664,Captain Marvel,123.0,"Action, Adventure, Sci-Fi",7.0,296225,Samuel L. Jackson,actor,96,"Mar 8, 2019",Captain Marvel,"$175,000,000","$426,525,952","$1,123,061,550"
tt1355631,The Infiltrator,127.0,"Biography, Crime, Drama",7.0,61547,John Leguizamo,actor,32,"Jul 13, 2016",The Infiltrator,"$47,500,000","$15,436,808","$20,718,104"
tt0790724,Jack Reacher,130.0,"Action, Crime, Thriller",7.0,284547,Tom Cruise,actor,68,"Dec 21, 2012",Jack Reacher,"$60,000,000","$80,070,736","$217,370,736"
tt1772288,Danny Collins,106.0,"Biography, Comedy, Drama",7.0,27435,Al Pacino,actor,59,"Mar 20, 2015",Danny Collins,"$10,000,000","$5,637,066","$8,465,845"
tt2473602,Get on Up,139.0,"Biography, Drama, Music",6.9,19024,Dan Aykroyd,actor,35,"Aug 1, 2014",Get on Up,"$30,000,000","$30,569,935","$33,339,868"
tt2006295,The 33,127.0,"Biography, Drama, History",6.9,32263,Antonio Banderas,actor,78,"Nov 13, 2015",The 33,"$25,000,000","$12,227,722","$28,400,715"
tt2032557,The Reluctant Fundamentalist,130.0,"Drama, Thriller",6.9,12511,Liev Schreiber,actor,42,"Apr 26, 2013",The Reluctant Fundamentalist,"$15,000,000","$528,731","$528,731"
tt1124037,Free State of Jones,139.0,"Action, Biography, Drama",6.9,45135,Matthew McConaughey,actor,81,"Jun 24, 2016",Free State of Jones,"$50,000,000","$20,810,036","$23,237,252"
tt3172532,The Diary of a Teenage Girl,102.0,"Comedy, Drama, Romance",6.9,27003,Alexander Skarsgård,actor,35,"Aug 7, 2015",The Diary of a Teenage Girl,"$2,000,000","$1,477,002","$2,279,959"
tt1037705,The Book of Eli,118.0,"Action, Adventure, Drama",6.9,271307,Gary Oldman,actor,64,"Jan 15, 2010",The Book of Eli,"$80,000,000","$94,835,059","$158,750,817"
tt2382396,Joe,117.0,"Crime, Drama",6.9,42825,Nicolas Cage,actor,30,"Apr 11, 2014",Joe,"$4,000,000","$373,375","$373,375"
tt5968394,Captive State,109.0,"Sci-Fi, Thriller",6.9,28780,John Goodman,actor,97,"Mar 15, 2019",Captive State,"$25,000,000","$5,958,315","$8,993,300"
tt1401152,Unknown,113.0,"Action, Mystery, Thriller",6.9,235167,Liam Neeson,actor,21,"Feb 18, 2011",Unknown,"$40,000,000","$63,686,397","$136,123,083"
tt1401152,Unknown,113.0,"Action, Mystery, Thriller",6.9,235167,Liam Neeson,actor,84,"Nov 3, 2006",Unknown,"$3,700,000","$26,403","$3,355,048"
tt1564349,Dolphin Tale,113.0,"Drama, Family",6.9,20746,Morgan Freeman,actor,93,"Sep 23, 2011",Dolphin Tale,"$37,000,000","$72,286,779","$96,068,724"
tt0458339,Captain America: The First Avenger,124.0,"Action, Adventure, Sci-Fi",6.9,668137,Samuel L. Jackson,actor,10,"Jul 22, 2011",Captain America: The First Avenger,"$140,000,000","$176,654,505","$370,569,776"
tt1355683,Black Mass,123.0,"Biography, Crime, Drama",6.9,155847,Johnny Depp,actor,59,"Sep 18, 2015",Black Mass,"$53,000,000","$62,575,678","$98,837,872"
tt0968264,The Conspirator,122.0,"Crime, Drama, History",6.9,26416,Kevin Kline,actor,80,"Apr 15, 2011",The Conspirator,"$25,000,000","$11,538,204","$15,907,411"
tt0803096,Warcraft,123.0,"Action, Adventure, Fantasy",6.9,225557,Ben Foster,actor,46,"Jun 10, 2016",Warcraft,"$160,000,000","$47,225,655","$425,522,281"
tt1637725,Ted,106.0,"Comedy, Fantasy",6.9,538367,Mark Wahlberg,actor,84,"Jun 29, 2012",Ted,"$50,000,000","$218,665,740","$556,016,627"
tt1663662,Pacific Rim,131.0,"Action, Adventure, Sci-Fi",6.9,443667,Charlie Day,actor,72,"Jul 12, 2013",Pacific Rim,"$190,000,000","$101,802,906","$411,002,906"
tt1601913,The Grey,117.0,"Action, Adventure, Drama",6.8,228798,Dermot Mulroney,actor,95,"Jan 27, 2012",The Grey,"$25,000,000","$51,580,136","$81,249,176"
tt0429493,The A-Team,117.0,"Action, Adventure, Thriller",6.8,235256,Liam Neeson,actor,32,"Jun 11, 2010",The A-Team,"$110,000,000","$77,222,099","$177,241,171"
tt1620935,Bleed for This,117.0,"Biography, Drama, Sport",6.8,21946,Aaron Eckhart,actor,65,"Nov 18, 2016",Bleed for This,"$16,000,000","$5,083,906","$6,603,926"
tt1972571,A Most Wanted Man,122.0,"Crime, Drama, Thriller",6.8,67914,Philip Seymour Hoffman,actor,76,"Jul 25, 2014",A Most Wanted Man,"$15,000,000","$17,237,855","$36,068,890"
tt0977855,Fair Game,108.0,"Biography, Drama, Thriller",6.8,43862,Sean Penn,actor,90,"Nov 3, 1995",Fair Game,"$50,000,000","$11,497,497","$26,097,497"
tt2083383,Trouble with the Curve,111.0,"Drama, Sport",6.8,56129,Clint Eastwood,actor,18,"Sep 21, 2012",Trouble with the Curve,"$60,000,000","$35,763,137","$47,818,913"
tt1606389,The Vow,104.0,"Drama, Romance",6.8,173629,Sam Neill,actor,42,"Feb 10, 2012",The Vow,"$30,000,000","$125,014,030","$197,618,160"
tt2223990,Draft Day,110.0,"Drama, Sport",6.8,48812,Kevin Costner,actor,36,"Apr 11, 2014",Draft Day,"$25,000,000","$28,842,237","$29,847,480"
tt2025690,The Finest Hours,117.0,"Action, Drama, History",6.8,55981,Casey Affleck,actor,36,"Jan 29, 2016",The Finest Hours,"$70,000,000","$27,569,558","$49,252,761"
tt2379713,Spectre,148.0,"Action, Adventure, Thriller",6.8,352504,Ralph Fiennes,actor,10,"Nov 6, 2015",Spectre,"$300,000,000","$200,074,175","$879,620,923"
tt4136084,Florence Foster Jenkins,111.0,"Biography, Comedy, Drama",6.8,44970,Hugh Grant,actor,22,"Aug 12, 2016",Florence Foster Jenkins,"$29,000,000","$27,383,770","$56,000,339"
tt1922777,Sinister,110.0,"Horror, Mystery, Thriller",6.8,198345,Ethan Hawke,actor,69,"Oct 12, 2012",Sinister,"$3,000,000","$48,086,903","$87,727,807"
tt3369806,Max,111.0,"Adventure, Drama, Family",6.8,23976,Thomas Haden Church,actor,36,"Jun 26, 2015",Max,"$20,000,000","$42,656,255","$43,658,157"
tt1790864,The Maze Runner,113.0,"Action, Mystery, Sci-Fi",6.8,387038,Thomas Brodie-Sangster,actor,60,"Sep 19, 2014",The Maze Runner,"$34,000,000","$102,427,862","$348,319,861"
tt0947810,Green Zone,115.0,"Action, Drama, Thriller",6.8,122132,Matt Damon,actor,98,"Mar 12, 2010",Green Zone,"$100,000,000","$35,497,337","$97,523,020"
tt4649466,Kingsman: The Golden Circle,141.0,"Action, Adventure, Comedy",6.8,230797,Colin Firth,actor,54,"Sep 22, 2017",Kingsman: The Golden Circle,"$104,000,000","$100,234,838","$408,803,696"
tt2473794,Mr. Turner,150.0,"Biography, Drama, History",6.8,22661,Timothy Spall,actor,18,"Dec 19, 2014",Mr. Turner,"$14,000,000","$3,958,546","$25,187,026"
tt3606752,Cars 3,102.0,"Adventure, Animation, Comedy",6.8,59408,Owen Wilson,actor,5,"Jun 16, 2017",Cars 3,"$175,000,000","$152,901,115","$383,541,369"
tt6823368,Glass,129.0,"Drama, Sci-Fi, Thriller",6.8,133793,Samuel L. Jackson,actor,100,"Jan 18, 2019",Glass,"$20,000,000","$111,035,005","$245,303,505"
tt1409024,Men in Black 3,106.0,"Action, Adventure, Comedy",6.8,309879,Tommy Lee Jones,actor,35,"May 25, 2012",Men in Black 3,"$215,000,000","$179,020,854","$654,213,485"
tt1599348,Safe House,115.0,"Action, Adventure, Crime",6.8,192655,Denzel Washington,actor,99,"Feb 10, 2012",Safe House,"$85,000,000","$126,181,630","$208,542,162"
tt1972591,King Arthur: Legend of the Sword,126.0,"Action, Adventure, Drama",6.8,169054,Jude Law,actor,11,"May 12, 2017",King Arthur: Legend of the Sword,"$175,000,000","$39,175,066","$139,630,336"
tt0478304,The Tree of Life,139.0,"Drama, Fantasy",6.8,156266,Brad Pitt,actor,24,"May 27, 2011",The Tree of Life,"$35,000,000","$13,305,665","$61,721,826"
tt1781922,No Escape,103.0,"Action, Thriller",6.8,70222,Pierce Brosnan,actor,74,"Aug 26, 2015",No Escape,"$5,000,000","$27,288,872","$42,844,516"
tt1386588,The Other Guys,107.0,"Action, Comedy, Crime",6.7,221664,Mark Wahlberg,actor,74,"Aug 6, 2010",The Other Guys,"$100,000,000","$119,219,978","$170,936,470"
tt1726669,Killer Joe,102.0,"Crime, Drama, Thriller",6.7,67842,Matthew McConaughey,actor,90,"Jul 27, 2012",Killer Joe,"$10,000,000","$1,291,645","$4,659,110"
tt3766354,The Equalizer 2,121.0,"Action, Crime, Thriller",6.7,97963,Denzel Washington,actor,21,"Jul 20, 2018",The Equalizer 2,"$77,000,000","$102,084,362","$190,453,132"
tt1194173,The Bourne Legacy,135.0,"Action, Adventure, Thriller",6.7,268678,Scott Glenn,actor,76,"Aug 10, 2012",The Bourne Legacy,"$125,000,000","$113,203,870","$280,355,920"
tt1272878,2 Guns,109.0,"Action, Comedy, Crime",6.7,182025,Bill Paxton,actor,39,"Aug 2, 2013",2 Guns,"$61,000,000","$75,612,460","$132,493,015"
tt3741700,Godzilla: King of the Monsters,132.0,"Action, Adventure, Fantasy",6.7,36479,Kyle Chandler,actor,25,"May 31, 2019",Godzilla: King of the Monsters,"$170,000,000","$85,576,941","$299,276,941"
tt3722070,The Lady in the Van,104.0,"Biography, Comedy, Drama",6.7,23105,Jim Broadbent,actor,47,"Jan 15, 2016",The Lady in the Van,"$6,000,000","$10,021,175","$42,320,503"
tt1637688,In Time,109.0,"Action, Crime, Drama",6.7,346077,Justin Timberlake,actor,74,"Oct 28, 2011",In Time,"$35,000,000","$37,553,932","$165,103,952"
tt1605630,American Reunion,113.0,Comedy,6.7,192250,Jason Biggs,actor,26,"Apr 6, 2012",American Reunion,"$50,000,000","$56,758,835","$236,799,211"
tt4103724,Forever My Girl,108.0,"Drama, Music, Romance",6.7,10316,Travis Tritt,actor,98,"Jan 19, 2018",Forever My Girl,"$3,500,000","$16,376,066","$16,376,066"
tt4645330,Denial,109.0,"Biography, Drama",6.7,16593,Timothy Spall,actor,66,"Sep 30, 2016",Denial,"$10,000,000","$4,073,448","$9,263,940"
tt3802576,Brothers,156.0,"Action, Drama, Sport",6.7,10689,Jackie Shroff,actor,41,"Dec 4, 2009",Brothers,"$26,000,000","$28,544,157","$45,043,870"
tt3802576,Brothers,156.0,"Action, Drama, Sport",6.7,10689,Jackie Shroff,actor,8,"Aug 14, 2015",Brothers,"$13,000,000","$656,688","$17,856,688"
tt1321870,Gangster Squad,113.0,"Action, Crime, Drama",6.7,195560,Sean Penn,actor,4,"Jan 11, 2013",Gangster Squad,"$60,000,000","$46,000,903","$104,100,903"
tt1211956,Escape Plan,115.0,"Action, Crime, Mystery",6.7,211587,Arnold Schwarzenegger,actor,37,"Oct 18, 2013",Escape Plan,"$70,000,000","$25,135,965","$103,735,965"
tt2249221,Zulu,110.0,"Crime, Drama, Thriller",6.7,16607,Forest Whitaker,actor,82,"Dec 31, 2013",Zulu,"$16,000,000",$0,"$1,844,228"
tt1764651,The Expendables 2,103.0,"Action, Adventure, Thriller",6.6,277584,Sylvester Stallone,actor,81,"Aug 17, 2012",The Expendables 2,"$100,000,000","$85,028,192","$311,979,256"
tt1298650,Pirates of the Caribbean: On Stranger Tides,136.0,"Action, Adventure, Fantasy",6.6,447624,Johnny Depp,actor,2,"May 20, 2011",Pirates of the Caribbean: On Stranger Tides,"$410,600,000","$241,063,875","$1,045,663,875"
tt0955308,Robin Hood,140.0,"Action, Adventure, Drama",6.6,239480,Russell Crowe,actor,39,"May 14, 2010",Robin Hood,"$210,000,000","$105,487,148","$322,459,006"
tt0955308,Robin Hood,140.0,"Action, Adventure, Drama",6.6,239480,Russell Crowe,actor,9,"Nov 21, 2018",Robin Hood,"$99,000,000","$30,824,628","$84,747,441"
tt2883434,Black or White,121.0,Drama,6.6,10659,Kevin Costner,actor,80,"Jan 30, 2015",Black or White,"$9,000,000","$21,571,189","$21,971,021"
tt6998518,Mandy,121.0,"Action, Fantasy, Horror",6.6,44378,Nicolas Cage,actor,71,"Sep 14, 2018",Mandy,"$6,000,000","$1,214,525","$1,427,656"
tt4196776,Jason Bourne,123.0,"Action, Thriller",6.6,190596,Tommy Lee Jones,actor,86,"Jul 29, 2016",Jason Bourne,"$120,000,000","$162,192,920","$416,168,316"
tt2091473,Promised Land,106.0,Drama,6.6,34659,Matt Damon,actor,13,"Jan 4, 2013",Promised Land,"$15,000,000","$7,597,898","$12,394,562"
tt0985694,Machete,105.0,"Action, Crime, Thriller",6.6,182320,Robert De Niro,actor,18,"Sep 3, 2010",Machete,"$12,500,000","$26,593,646","$46,370,970"
tt1951181,The Immigrant,120.0,"Drama, Romance",6.6,26618,Joaquin Phoenix,actor,72,"May 16, 2014",The Immigrant,"$16,000,000","$2,013,456","$7,585,011"
tt4123430,Fantastic Beasts: The Crimes of Grindelwald,134.0,"Adventure, Family, Fantasy",6.6,163151,Johnny Depp,actor,60,"Nov 16, 2018",Fantastic Beasts: The Crimes of Grindelwald,"$200,000,000","$159,555,901","$652,220,086"
tt2446980,Joy,124.0,Drama,6.6,118086,Robert De Niro,actor,88,"Dec 25, 2015",Joy,"$60,000,000","$56,451,232","$101,134,059"
tt3731562,Kong: Skull Island,118.0,"Action, Adventure, Fantasy",6.6,237720,Samuel L. Jackson,actor,78,"Mar 10, 2017",Kong: Skull Island,"$185,000,000","$168,052,812","$561,072,059"
tt5442430,Life,104.0,"Horror, Sci-Fi, Thriller",6.6,182840,Ryan Reynolds,actor,51,"Apr 16, 1999",Life,"$75,000,000","$64,062,587","$73,521,587"
tt5442430,Life,104.0,"Horror, Sci-Fi, Thriller",6.6,182840,Ryan Reynolds,actor,66,"Mar 24, 2017",Life,"$58,000,000","$30,234,022","$100,929,666"
tt2199571,Run All Night,114.0,"Action, Drama, Thriller",6.6,94131,Vincent D'Onofrio,actor,70,"Mar 13, 2015",Run All Night,"$50,000,000","$26,461,644","$66,961,644"
tt1951265,The Hunger Games: Mockingjay - Part 1,123.0,"Action, Adventure, Sci-Fi",6.6,379050,Woody Harrelson,actor,62,"Nov 21, 2014",The Hunger Games: Mockingjay - Part 1,"$125,000,000","$337,135,885","$766,575,131"
tt1781827,Hands of Stone,111.0,"Action, Biography, Drama",6.6,12851,Robert De Niro,actor,74,"Aug 26, 2016",Hands of Stone,"$20,000,000","$4,712,792","$5,031,975"
tt1598778,Contagion,106.0,"Action, Drama, Thriller",6.6,201536,Jude Law,actor,71,"Sep 9, 2011",Contagion,"$60,000,000","$75,658,097","$137,551,594"
tt1703957,Genius,104.0,"Biography, Drama",6.6,15611,Colin Firth,actor,10,"Jun 10, 2016",Genius,"$17,000,000","$1,361,045","$7,265,283"
tt1731141,Ender's Game,114.0,"Action, Adventure, Fantasy",6.6,211722,Harrison Ford,actor,36,"Nov 1, 2013",Ender's Game,"$110,000,000","$61,737,191","$127,983,283"
tt1781769,Anna Karenina,129.0,"Drama, Romance",6.6,84668,Jude Law,actor,13,"Nov 16, 2012",Anna Karenina,"$49,000,000","$12,816,367","$71,004,627"
tt1790809,Pirates of the Caribbean: Dead Men Tell No Tales,129.0,"Action, Adventure, Fantasy",6.6,228592,Johnny Depp,actor,25,"May 26, 2017",Pirates of the Caribbean: Dead Men Tell No Tales,"$230,000,000","$172,558,876","$788,241,137"
tt2381941,Focus,105.0,"Comedy, Crime, Drama",6.6,192147,Will Smith,actor,99,"Feb 27, 2015",Focus,"$65,000,000","$53,862,963","$168,065,700"
tt1204975,Last Vegas,105.0,"Comedy, Drama",6.6,121409,Robert De Niro,actor,46,"Jan 28, 2013",Last Vegas,"$28,000,000","$63,914,167","$112,914,167"
tt1764183,Arbitrage,107.0,"Drama, Thriller",6.6,46774,Richard Gere,actor,9,"Sep 14, 2012",Arbitrage,"$12,000,000","$7,919,574","$35,830,713"
tt1821694,RED 2,116.0,"Action, Comedy, Crime",6.6,148846,Anthony Hopkins,actor,28,"Jul 19, 2013",RED 2,"$84,000,000","$53,262,560","$141,507,355"
tt0401729,John Carter,132.0,"Action, Adventure, Sci-Fi",6.6,241792,Willem Dafoe,actor,14,"Mar 9, 2012",John Carter,"$275,000,000","$73,058,679","$282,778,100"
tt1226273,Edge of Darkness,117.0,"Crime, Drama, Mystery",6.6,84753,Mel Gibson,actor,8,"Jan 29, 2010",Edge of Darkness,"$60,000,000","$43,313,890","$82,812,456"
tt2503944,Burnt,101.0,"Comedy, Drama",6.6,95988,Daniel Brühl,actor,27,"Oct 30, 2015",Burnt,"$20,000,000","$13,651,946","$36,773,510"
tt1629705,Blackthorn,102.0,"Action, Adventure, Western",6.6,8553,Stephen Rea,actor,46,"Oct 7, 2011",Blackthorn,"$4,500,000","$200,558","$1,217,307"
tt1616195,J. Edgar,137.0,"Biography, Crime, Drama",6.6,115925,Leonardo DiCaprio,actor,76,"Nov 9, 2011",J. Edgar,"$35,000,000","$37,306,030","$84,606,030"
tt1518812,Meek's Cutoff,104.0,"Drama, Western",6.6,10439,Will Patton,actor,40,"Apr 8, 2011",Meek's Cutoff,"$2,000,000","$977,772","$1,869,928"
tt1872181,The Amazing Spider-Man 2,142.0,"Action, Adventure, Sci-Fi",6.6,388363,Jamie Foxx,actor,56,"May 2, 2014",The Amazing Spider-Man 2,"$200,000,000","$202,853,933","$708,996,336"
tt3553442,Whiskey Tango Foxtrot,112.0,"Biography, Comedy, Drama",6.6,46265,Alfred Molina,actor,6,"Mar 4, 2016",Whiskey Tango Foxtrot,"$35,000,000","$23,083,334","$25,350,747"
tt1951266,The Hunger Games: Mockingjay - Part 2,137.0,"Action, Adventure, Sci-Fi",6.6,252384,Woody Harrelson,actor,39,"Nov 20, 2015",The Hunger Games: Mockingjay - Part 2,"$160,000,000","$281,723,902","$648,986,787"
tt1244659,Extraordinary Measures,106.0,Drama,6.5,15673,Harrison Ford,actor,33,"Jan 22, 2010",Extraordinary Measures,"$31,000,000","$12,482,741","$15,826,984"
tt3110958,Now You See Me 2,129.0,"Action, Adventure, Comedy",6.5,216219,Woody Harrelson,actor,66,"Jun 10, 2016",Now You See Me 2,"$90,000,000","$65,075,540","$328,325,007"
tt5140878,Annabelle: Creation,109.0,"Horror, Mystery, Thriller",6.5,90402,Anthony LaPaglia,actor,2,"Aug 11, 2017",Annabelle: Creation,"$15,000,000","$102,092,201","$305,384,865"
tt0466893,Margaret,150.0,Drama,6.5,14708,Matt Damon,actor,27,"Sep 30, 2011",Margaret,"$14,000,000","$47,185","$623,292"
tt1320253,The Expendables,103.0,"Action, Adventure, Thriller",6.5,307897,Dolph Lundgren,actor,34,"Aug 13, 2010",The Expendables,"$82,000,000","$103,068,524","$268,268,174"
tt2975590,Batman v Superman: Dawn of Justice,151.0,"Action, Adventure, Fantasy",6.5,576909,Ben Affleck,actor,18,"Mar 25, 2016",Batman v Superman: Dawn of Justice,"$250,000,000","$330,360,194","$867,500,281"
tt2515030,Escobar: Paradise Lost,120.0,"Crime, Drama, History",6.5,19419,Benicio Del Toro,actor,12,"Jun 26, 2015",Escobar: Paradise Lost,"$17,000,000","$195,792","$3,917,679"
tt2302755,Olympus Has Fallen,119.0,"Action, Thriller",6.5,235443,Morgan Freeman,actor,9,"Mar 22, 2013",Olympus Has Fallen,"$70,000,000","$98,927,592","$172,878,928"
tt0458481,Sin City: A Dame to Kill For,102.0,"Crime, Thriller",6.5,140666,Mickey Rourke,actor,16,"Aug 22, 2014",Sin City: A Dame to Kill For,"$65,000,000","$13,757,804","$40,650,842"
tt1448755,Killer Elite,116.0,"Action, Crime, Thriller",6.5,117711,Robert De Niro,actor,38,"Sep 23, 2011",Killer Elite,"$70,000,000","$25,124,986","$65,409,046"
tt2101341,Dead Man Down,118.0,"Action, Crime, Drama",6.5,61238,Terrence Howard,actor,78,"Mar 8, 2013",Dead Man Down,"$30,000,000","$10,895,295","$19,599,974"
tt1014759,Alice in Wonderland,108.0,"Adventure, Family, Fantasy",6.5,358813,Johnny Depp,actor,51,"Mar 5, 2010",Alice in Wonderland,"$200,000,000","$334,191,110","$1,025,491,110"
tt1014759,Alice in Wonderland,108.0,"Adventure, Family, Fantasy",6.5,358813,Johnny Depp,actor,60,"Jul 28, 1951",Alice in Wonderland,"$3,000,000",$0,$0
tt1014763,Child 44,137.0,"Crime, Drama, History",6.5,59477,Gary Oldman,actor,2,"Apr 17, 2015",Child 44,"$50,000,000","$1,224,330","$8,004,221"
tt1216492,Leap Year,100.0,"Comedy, Romance",6.5,86125,John Lithgow,actor,40,"Jan 8, 2010",Leap Year,"$19,000,000","$25,918,920","$32,618,920"
tt1126618,Morning Glory,107.0,"Comedy, Drama, Romance",6.5,67367,Harrison Ford,actor,73,"Nov 10, 2010",Morning Glory,"$40,000,000","$31,011,732","$59,795,070"
tt3402236,Murder on the Orient Express,114.0,"Crime, Drama, Mystery",6.5,178603,Kenneth Branagh,actor,95,"Nov 10, 2017",Murder on the Orient Express,"$55,000,000","$102,826,543","$345,922,730"
tt1747958,Blood Ties,127.0,"Action, Crime, Drama",6.5,17771,Billy Crudup,actor,52,"Mar 21, 2014",Blood Ties,"$26,000,000","$42,472","$2,923,959"
tt1524137,Contraband,109.0,"Action, Crime, Drama",6.5,111709,Mark Wahlberg,actor,85,"Jan 13, 2012",Contraband,"$25,000,000","$66,528,000","$98,406,855"
tt0974015,Justice League,120.0,"Action, Adventure, Fantasy",6.5,329135,Ben Affleck,actor,9,"Nov 17, 2017",Justice League,"$300,000,000","$229,024,295","$655,945,209"
tt2388715,Oculus,104.0,"Horror, Mystery",6.5,106906,Rory Cochrane,actor,72,"Apr 11, 2014",Oculus,"$5,000,000","$27,695,246","$44,115,496"
tt1231587,Hot Tub Time Machine,101.0,"Comedy, Sci-Fi",6.4,153962,John Cusack,actor,10,"Mar 26, 2010",Hot Tub Time Machine,"$36,000,000","$50,269,859","$65,967,750"
tt2345737,The Rover,103.0,"Action, Crime, Drama",6.4,40576,Guy Pearce,actor,47,"Jun 13, 2014",The Rover,"$8,500,000","$1,109,199","$3,180,252"
tt5519340,Bright,117.0,"Action, Crime, Fantasy",6.4,147834,Will Smith,actor,80,"Dec 13, 2017",Bright,"$90,000,000",$0,$0
tt4537896,White Boy Rick,111.0,"Crime, Drama",6.4,16255,Matthew McConaughey,actor,42,"Sep 14, 2018",White Boy Rick,"$30,000,000","$24,004,833","$25,947,983"
tt3922818,The Space Between Us,120.0,"Adventure, Drama, Romance",6.4,41031,Gary Oldman,actor,84,"Feb 3, 2017",The Space Between Us,"$30,000,000","$7,885,294","$16,481,405"
tt1549920,The Last Stand,107.0,"Action, Thriller",6.4,126623,Arnold Schwarzenegger,actor,74,"Jan 18, 2013",The Last Stand,"$30,000,000","$12,050,299","$48,330,757"
tt1424381,Predators,107.0,"Action, Adventure, Sci-Fi",6.4,199764,Laurence Fishburne,actor,35,"Jul 9, 2010",Predators,"$40,000,000","$52,000,688","$127,234,389"
tt6000478,"Roman J. Israel, Esq.",122.0,"Crime, Drama, Thriller",6.4,23632,Denzel Washington,actor,40,"Nov 17, 2017","Roman J. Israel, Esq.","$22,000,000","$11,962,712","$12,967,012"
tt2978462,Dolphin Tale 2,107.0,"Drama, Family",6.4,7579,Morgan Freeman,actor,12,"Sep 12, 2014",Dolphin Tale 2,"$36,000,000","$42,024,533","$57,824,533"
tt1980209,Pain & Gain,129.0,"Action, Comedy, Crime",6.4,187820,Mark Wahlberg,actor,33,"Apr 26, 2013",Pain & Gain,"$26,000,000","$49,875,291","$81,275,291"
tt0831387,Godzilla,123.0,"Action, Adventure, Sci-Fi",6.4,350687,Bryan Cranston,actor,41,"May 16, 2014",Godzilla,"$160,000,000","$200,676,069","$529,076,069"
tt0831387,Godzilla,123.0,"Action, Adventure, Sci-Fi",6.4,350687,Bryan Cranston,actor,74,"May 19, 1998",Godzilla,"$125,000,000","$136,314,294","$376,000,000"
tt2784678,Top Five,102.0,"Comedy, Romance",6.4,24744,Chris Rock,actor,80,"Dec 12, 2014",Top Five,"$12,000,000","$25,317,379","$26,001,741"
tt2005374,The Frozen Ground,105.0,"Crime, Drama, Mystery",6.4,51915,Nicolas Cage,actor,22,"Aug 23, 2013",The Frozen Ground,"$19,200,000",$0,"$5,617,460"
tt1210819,The Lone Ranger,150.0,"Action, Adventure, Western",6.4,208827,Johnny Depp,actor,13,"Jul 2, 2013",The Lone Ranger,"$275,000,000","$89,302,115","$260,002,115"
tt2387559,Delivery Man,105.0,"Comedy, Drama",6.4,70706,Vince Vaughn,actor,21,"Nov 22, 2013",Delivery Man,"$22,000,000","$30,659,817","$70,536,870"
tt1964418,Tomorrowland,130.0,"Action, Adventure, Family",6.4,161343,George Clooney,actor,23,"May 22, 2015",Tomorrowland,"$170,000,000","$93,436,322","$206,627,518"
tt1486192,The Raven,110.0,"Crime, Mystery, Thriller",6.4,79578,John Cusack,actor,45,"Apr 27, 2012",The Raven,"$26,000,000","$16,008,272","$30,601,801"
tt0944835,Salt,100.0,"Action, Mystery, Thriller",6.4,277204,Liev Schreiber,actor,50,"Jul 23, 2010",Salt,"$130,000,000","$118,311,368","$290,650,494"
tt1935902,The Brass Teapot,101.0,"Comedy, Fantasy, Thriller",6.4,13746,Michael Angarano,actor,44,"Apr 5, 2013",The Brass Teapot,"$900,000","$6,997","$413,733"
tt2318092,Endless Love,104.0,"Drama, Romance",6.3,37869,Robert Patrick,actor,82,"Feb 14, 2014",Endless Love,"$20,000,000","$23,438,250","$34,718,173"
tt1013743,Knight and Day,109.0,"Action, Adventure, Comedy",6.3,169840,Tom Cruise,actor,2,"Jun 23, 2010",Knight and Day,"$117,000,000","$76,423,035","$258,751,370"
tt3231054,Risen,107.0,"Action, Adventure, Drama",6.3,22813,Joseph Fiennes,actor,48,"Feb 19, 2016",Risen,"$20,000,000","$36,880,033","$46,255,763"
tt0918940,The Legend of Tarzan,110.0,"Action, Adventure, Drama",6.3,150154,Alexander Skarsgård,actor,88,"Jul 1, 2016",The Legend of Tarzan,"$180,000,000","$126,643,061","$348,902,025"
tt1178665,A Walk in the Woods,104.0,"Adventure, Biography, Comedy",6.3,22033,Nick Nolte,actor,75,"Sep 2, 2015",A Walk in the Woods,"$8,000,000","$29,499,394","$37,119,358"
tt1535438,Hope Springs,100.0,"Comedy, Drama, Romance",6.3,38667,Tommy Lee Jones,actor,75,"Aug 8, 2012",Hope Springs,"$30,000,000","$63,536,011","$133,085,295"
tt0989757,Dear John,108.0,"Drama, Romance, War",6.3,128657,Henry Thomas,actor,77,"Feb 5, 2010",Dear John,"$25,000,000","$80,014,842","$142,033,509"
tt1590193,The Commuter,105.0,"Action, Mystery, Thriller",6.3,83114,Liam Neeson,actor,62,"Jan 12, 2018",The Commuter,"$40,000,000","$36,343,858","$101,985,431"
tt3860916,Cargo,105.0,"Drama, Horror, Sci-Fi",6.3,27339,Martin Freeman,actor,73,"Oct 21, 2011",Cargo,"$4,200,000",$0,"$313,230"
tt2402157,The November Man,108.0,"Action, Crime, Thriller",6.3,59293,Pierce Brosnan,actor,61,"Aug 27, 2014",The November Man,"$15,000,000","$25,018,119","$34,820,335"
tt0475290,"Hail, Caesar!",106.0,"Comedy, Drama, Music",6.3,111422,George Clooney,actor,22,"Feb 5, 2016","Hail, Caesar!","$22,000,000","$30,080,225","$64,160,680"
tt1032751,The Warrior's Way,100.0,"Action, Fantasy, Western",6.3,24271,Geoffrey Rush,actor,65,"Dec 3, 2010",The Warrior's Way,"$42,000,000","$5,666,340","$8,514,325"
tt1440728,The American,105.0,"Crime, Drama, Thriller",6.3,86863,George Clooney,actor,51,"Sep 1, 2010",The American,"$20,000,000","$35,606,376","$67,950,723"
tt2357291,Rio 2,101.0,"Adventure, Animation, Comedy",6.3,72209,Andy Garcia,actor,49,"Apr 11, 2014",Rio 2,"$130,000,000","$131,538,435","$492,846,291"
tt3014866,Criminal,113.0,"Action, Crime, Drama",6.3,51666,Kevin Costner,actor,21,"Apr 15, 2016",Criminal,"$31,500,000","$14,708,696","$38,771,262"
tt1634122,Johnny English Reborn,101.0,"Action, Adventure, Comedy",6.3,110824,Rowan Atkinson,actor,19,"Oct 21, 2011",Johnny English Reborn,"$45,000,000","$8,406,711","$164,640,401"
tt1859650,To Rome with Love,112.0,"Comedy, Music, Romance",6.3,79381,Woody Allen,actor,58,"Jun 22, 2012",To Rome with Love,"$21,500,000","$16,684,352","$74,326,015"
tt1488555,The Change-Up,112.0,"Comedy, Fantasy",6.3,155374,Jason Bateman,actor,72,"Aug 5, 2011",The Change-Up,"$52,000,000","$37,243,418","$75,997,067"
tt4046784,Maze Runner: The Scorch Trials,131.0,"Action, Sci-Fi, Thriller",6.3,201143,Giancarlo Esposito,actor,38,"Sep 18, 2015",Maze Runner: The Scorch Trials,"$61,000,000","$81,697,192","$310,566,162"
tt2637276,Ted 2,115.0,Comedy,6.3,165843,Mark Wahlberg,actor,55,"Jun 26, 2015",Ted 2,"$68,000,000","$81,476,385","$217,214,143"
tt1712261,Triple 9,115.0,"Crime, Thriller",6.3,60369,Casey Affleck,actor,33,"Feb 26, 2016",Triple 9,"$20,000,000","$12,639,297","$25,943,792"
tt1351685,Jack the Giant Slayer,114.0,"Adventure, Fantasy",6.3,123127,Ewan McGregor,actor,66,"Mar 1, 2013",Jack the Giant Slayer,"$195,000,000","$65,187,603","$197,687,603"
tt2234155,The Internship,119.0,Comedy,6.3,179817,Vince Vaughn,actor,63,"Jun 7, 2013",The Internship,"$58,000,000","$44,672,764","$93,672,764"
tt2209764,Transcendence,119.0,"Action, Drama, Sci-Fi",6.3,204481,Johnny Depp,actor,2,"Apr 18, 2014",Transcendence,"$100,000,000","$23,022,309","$103,039,258"
tt1365519,Tomb Raider,119.0,"Action, Adventure, Fantasy",6.3,163560,Walton Goggins,actor,70,"Mar 16, 2018",Tomb Raider,"$90,000,000","$58,250,803","$273,477,501"
tt1053424,Repo Men,111.0,"Action, Crime, Sci-Fi",6.3,96144,Jude Law,actor,13,"Mar 19, 2010",Repo Men,"$32,000,000","$13,942,007","$18,195,238"
tt1335975,47 Ronin,128.0,"Action, Adventure, Drama",6.3,135754,Keanu Reeves,actor,12,"Dec 25, 2013",47 Ronin,"$175,000,000","$38,362,475","$151,716,815"
tt1748179,Red Lights,114.0,"Drama, Fantasy, Horror",6.2,55287,Robert De Niro,actor,56,"Jul 13, 2012",Red Lights,"$17,700,000","$49,521","$14,518,884"
tt1135084,Takers,107.0,"Action, Crime, Thriller",6.2,53377,Matt Dillon,actor,95,"Aug 27, 2010",Takers,"$32,000,000","$57,744,720","$70,587,268"
tt1235522,Broken City,109.0,"Crime, Drama, Thriller",6.2,71704,Russell Crowe,actor,11,"Jan 18, 2013",Broken City,"$35,000,000","$19,701,164","$34,480,045"
tt1205537,Jack Ryan: Shadow Recruit,105.0,"Action, Drama, Thriller",6.2,114913,Kenneth Branagh,actor,97,"Jan 17, 2014",Jack Ryan: Shadow Recruit,"$60,000,000","$50,577,412","$131,377,412"
tt1034389,The Eagle,114.0,"Action, Adventure, Drama",6.2,61475,Donald Sutherland,actor,50,"Feb 11, 2011",The Eagle,"$25,000,000","$19,490,041","$38,993,548"
tt1234721,RoboCop,117.0,"Action, Crime, Sci-Fi",6.2,205798,Gary Oldman,actor,96,"Feb 12, 2014",RoboCop,"$120,000,000","$58,607,007","$242,981,799"
tt1234721,RoboCop,117.0,"Action, Crime, Sci-Fi",6.2,205798,Gary Oldman,actor,55,"Jul 17, 1987",RoboCop,"$13,000,000","$53,424,681","$53,424,681"
tt1974419,The Neon Demon,117.0,"Horror, Thriller",6.2,72359,Keanu Reeves,actor,68,"Jun 24, 2016",The Neon Demon,"$7,500,000","$1,333,124","$3,559,803"
tt1893256,Redemption,100.0,"Action, Crime, Drama",6.2,61317,Jason Statham,actor,97,"Jun 28, 2013",Redemption,"$23,000,000","$36,686","$13,593,473"
tt1194417,Casino Jack,108.0,"Biography, Comedy, Crime",6.2,16191,Kevin Spacey,actor,32,"Dec 17, 2010",Casino Jack,"$12,500,000","$2,039,869","$2,272,186"
tt0471042,Tower Heist,104.0,"Action, Comedy, Crime",6.2,125102,Alan Alda,actor,5,"Nov 4, 2011",Tower Heist,"$85,000,000","$78,046,570","$150,422,946"
tt1411238,No Strings Attached,108.0,"Comedy, Romance",6.2,197663,Cary Elwes,actor,84,"Jan 21, 2011",No Strings Attached,"$25,000,000","$70,662,220","$149,228,078"
tt0376136,The Rum Diary,119.0,"Comedy, Drama",6.2,94787,Johnny Depp,actor,16,"Oct 28, 2011",The Rum Diary,"$45,000,000","$13,109,815","$21,544,732"
tt1837703,The Fifth Estate,128.0,"Biography, Drama, Thriller",6.2,36392,Daniel Brühl,actor,50,"Oct 18, 2013",The Fifth Estate,"$26,000,000","$3,254,172","$6,154,172"
tt2567026,Alice Through the Looking Glass,113.0,"Adventure, Family, Fantasy",6.2,79951,Johnny Depp,actor,26,"May 27, 2016",Alice Through the Looking Glass,"$170,000,000","$77,042,381","$276,928,112"
tt1961175,American Assassin,112.0,"Action, Thriller",6.2,57793,Michael Keaton,actor,28,"Sep 15, 2017",American Assassin,"$63,000,000","$36,249,674","$68,310,140"
tt3062096,Inferno,121.0,"Action, Adventure, Crime",6.2,138978,Tom Hanks,actor,64,"Oct 28, 2016",Inferno,"$75,000,000","$34,343,574","$219,519,367"
tt1216475,Cars 2,106.0,"Adventure, Animation, Comedy",6.2,138914,Michael Caine,actor,57,"Jun 24, 2011",Cars 2,"$200,000,000","$191,450,875","$560,155,383"
tt2023587,Mama,100.0,"Horror, Thriller",6.2,158487,Nikolaj Coster-Waldau,actor,9,"Jan 18, 2013",Mama,"$15,000,000","$71,628,180","$148,095,566"
tt1077368,Dark Shadows,113.0,"Comedy, Fantasy, Horror",6.2,229818,Johnny Depp,actor,89,"May 11, 2012",Dark Shadows,"$150,000,000","$79,727,149","$238,202,668"
tt1053810,The Big Year,100.0,Comedy,6.2,39522,John Cleese,actor,74,"Oct 14, 2011",The Big Year,"$41,000,000","$7,204,138","$7,684,524"
tt1233301,Ironclad,121.0,"Action, Adventure, Drama",6.2,38477,Jason Flemyng,actor,25,"Jul 8, 2011",Ironclad,"$25,000,000",$0,"$5,297,411"
tt4776998,The Promise,133.0,"Drama, History",6.1,164555,Christian Bale,actor,78,"Apr 21, 2017",The Promise,"$90,000,000","$8,224,288","$10,551,417"
tt1047540,Parental Guidance,105.0,"Comedy, Family",6.1,23711,Billy Crystal,actor,79,"Dec 25, 2012",Parental Guidance,"$25,000,000","$77,267,296","$120,832,383"
tt1372686,Coriolanus,123.0,"Drama, Thriller, War",6.1,29654,Ralph Fiennes,actor,99,"Jan 20, 2012",Coriolanus,"$10,000,000","$749,641","$2,179,623"
tt2177771,The Monuments Men,118.0,"Comedy, Drama, History",6.1,117638,George Clooney,actor,14,"Feb 7, 2014",The Monuments Men,"$70,000,000","$78,031,620","$158,702,748"
tt1198101,Kites,123.0,"Action, Drama, Romance",6.1,11353,Hrithik Roshan,actor,66,"May 21, 2010",Kites,"$9,200,000","$1,685,269","$17,155,193"
tt2333784,The Expendables 3,126.0,"Action, Adventure, Thriller",6.1,156432,Antonio Banderas,actor,96,"Aug 15, 2014",The Expendables 3,"$100,000,000","$39,322,544","$209,461,378"
tt3393786,Jack Reacher: Never Go Back,118.0,"Action, Thriller",6.1,121892,Tom Cruise,actor,85,"Oct 21, 2016",Jack Reacher: Never Go Back,"$60,000,000","$58,697,076","$159,946,489"
tt0963966,The Sorcerer's Apprentice,109.0,"Action, Adventure, Family",6.1,143862,Nicolas Cage,actor,44,"Jul 14, 2010",The Sorcerer's Apprentice,"$160,000,000","$63,150,991","$217,986,320"
tt0954947,The Killer Inside Me,109.0,"Crime, Drama, Horror",6.1,31727,Casey Affleck,actor,11,"Jun 18, 2010",The Killer Inside Me,"$13,000,000","$217,277","$3,617,277"
tt1915581,Magic Mike,110.0,"Comedy, Drama",6.1,123955,Matthew McConaughey,actor,88,"Jun 29, 2012",Magic Mike,"$7,000,000","$113,721,571","$170,549,753"
tt2505294,Ask Me Anything,100.0,Drama,6.1,10680,Robert Patrick,actor,33,"Mar 3, 2015",Ask Me Anything,"$950,000",$0,$0
tt1253864,Immortals,110.0,"Action, Drama, Fantasy",6.0,152992,John Hurt,actor,45,"Nov 11, 2011",Immortals,"$75,000,000","$83,504,017","$211,562,435"
tt1294226,The Last Song,107.0,"Drama, Music, Romance",6.0,74914,Greg Kinnear,actor,15,"Mar 31, 2010",The Last Song,"$20,000,000","$62,950,384","$92,678,948"
tt1386697,Suicide Squad,123.0,"Action, Adventure, Fantasy",6.0,533039,Will Smith,actor,100,"Aug 5, 2016",Suicide Squad,"$175,000,000","$325,100,054","$746,059,887"
tt3859304,The Bronze,100.0,"Comedy, Drama, Sport",6.0,9043,Gary Cole,actor,16,"Mar 18, 2016",The Bronze,"$3,500,000","$615,816","$615,816"
tt2561572,Get Hard,100.0,"Comedy, Crime",6.0,111187,Will Ferrell,actor,97,"Mar 27, 2015",Get Hard,"$40,000,000","$90,411,453","$106,511,453"
tt3014284,The Lego Ninjago Movie,101.0,"Action, Adventure, Animation",6.0,18926,Jackie Chan,actor,20,"Sep 22, 2017",The Lego Ninjago Movie,"$70,000,000","$59,281,555","$122,737,201"
tt1161864,The Rite,114.0,"Drama, Horror, Mystery",6.0,85604,Anthony Hopkins,actor,100,"Jan 28, 2011",The Rite,"$37,000,000","$33,047,633","$97,143,987"
tt1618442,The Last Witch Hunter,106.0,"Action, Adventure, Fantasy",6.0,86118,Elijah Wood,actor,96,"Oct 23, 2015",The Last Witch Hunter,"$80,000,000","$27,367,660","$130,818,912"
tt1106860,Ca$h,108.0,"Crime, Thriller",6.0,8605,Sean Bean,actor,32,"Dec 31, 2008",Ca$h,"$13,700,000",$0,"$11,738,256"
tt1106860,Ca$h,108.0,"Crime, Thriller",6.0,8605,Sean Bean,actor,59,"Mar 26, 2010",Ca$h,"$7,000,000","$46,488","$46,488"
tt1243957,The Tourist,103.0,"Action, Adventure, Thriller",6.0,206714,Johnny Depp,actor,85,"Dec 10, 2010",The Tourist,"$100,000,000","$67,631,157","$278,731,369"
tt2034800,The Great Wall,103.0,"Action, Adventure, Fantasy",6.0,111602,Willem Dafoe,actor,92,"Feb 17, 2017",The Great Wall,"$150,000,000","$45,157,105","$334,486,852"
tt2039393,The Gambler,111.0,"Crime, Drama, Thriller",6.0,59995,Mark Wahlberg,actor,25,"Dec 10, 2014",The Gambler,"$25,000,000","$33,680,992","$38,718,031"
tt2039393,The Gambler,111.0,"Crime, Drama, Thriller",6.0,59995,Mark Wahlberg,actor,50,"Aug 4, 1999",The Gambler,"$3,000,000","$51,773","$101,773"
tt2357129,Jobs,128.0,"Biography, Drama",5.9,88788,Dermot Mulroney,actor,11,"Aug 16, 2013",Jobs,"$18,000,000","$16,131,410","$43,402,515"
tt0790628,The Incredible Burt Wonderstone,100.0,"Adventure, Comedy, Fantasy",5.9,67549,Steve Buscemi,actor,7,"Mar 15, 2013",The Incredible Burt Wonderstone,"$32,000,000","$22,537,881","$27,392,609"
tt1563742,Overboard,112.0,"Comedy, Romance",5.9,25607,John Hannah,actor,61,"May 4, 2018",Overboard,"$12,000,000","$50,316,123","$85,369,830"
tt1336608,Rock of Ages,123.0,"Comedy, Drama, Musical",5.9,69910,Tom Cruise,actor,29,"Jun 15, 2012",Rock of Ages,"$70,000,000","$38,518,613","$61,031,932"
tt1402488,Happy Feet Two,100.0,"Adventure, Animation, Comedy",5.9,38396,Robin Williams,actor,33,"Nov 18, 2011",Happy Feet Two,"$135,000,000","$64,006,466","$157,956,466"
tt0485985,Red Tails,125.0,"Action, Adventure, Drama",5.9,31815,Cuba Gooding Jr.,actor,61,"Jan 20, 2012",Red Tails,"$58,000,000","$49,876,377","$50,365,498"
tt3628584,Barbershop: The Next Cut,111.0,"Comedy, Drama",5.9,13306,Ice Cube,actor,22,"Apr 15, 2016",Barbershop: The Next Cut,"$20,000,000","$54,030,051","$54,404,202"
tt3623726,Ricki and the Flash,101.0,"Comedy, Drama, Music",5.9,20932,Kevin Kline,actor,95,"Aug 7, 2015",Ricki and the Flash,"$18,000,000","$26,839,498","$41,166,033"
tt2869728,Ride Along 2,102.0,"Action, Comedy, Crime",5.9,48688,Benjamin Bratt,actor,95,"Jan 15, 2016",Ride Along 2,"$40,000,000","$90,862,685","$124,827,316"
tt0881320,Sanctum,108.0,"Adventure, Drama, Thriller",5.9,51318,Christopher James Baker,actor,45,"Feb 4, 2011",Sanctum,"$30,000,000","$23,209,310","$108,957,098"
tt1860213,Dirty Grandpa,102.0,Comedy,5.9,101393,Robert De Niro,actor,62,"Jan 22, 2016",Dirty Grandpa,"$11,500,000","$35,593,113","$105,078,449"
tt1535616,The Divide,112.0,"Drama, Horror, Sci-Fi",5.8,33603,Michael Biehn,actor,53,"Jan 13, 2012",The Divide,"$3,000,000","$18,000","$156,362"
tt2515034,The Gunman,115.0,"Action, Crime, Drama",5.8,36053,Sean Penn,actor,15,"Mar 20, 2015",The Gunman,"$40,000,000","$10,664,749","$18,594,227"
tt1291150,Teenage Mutant Ninja Turtles,101.0,"Action, Adventure, Comedy",5.8,192220,William Fichtner,actor,68,"Aug 8, 2014",Teenage Mutant Ninja Turtles,"$125,000,000","$191,204,754","$485,004,754"
tt1291150,Teenage Mutant Ninja Turtles,101.0,"Action, Adventure, Comedy",5.8,192220,William Fichtner,actor,33,"Mar 30, 1990",Teenage Mutant Ninja Turtles,"$13,500,000","$135,265,915","$202,000,000"
tt3469244,Phantom,136.0,"Action, Drama, Thriller",5.8,7739,Sabyasachi Chakraborty,actor,43,"Mar 1, 2013",Phantom,"$18,000,000","$1,034,589","$1,199,510"
tt0780653,The Wolfman,103.0,"Drama, Fantasy, Horror",5.8,97873,Anthony Hopkins,actor,91,"Feb 12, 2010",The Wolfman,"$150,000,000","$62,189,884","$142,634,358"
tt1496422,The Paperboy,107.0,"Crime, Drama, Mystery",5.8,33940,John Cusack,actor,37,"Oct 5, 2012",The Paperboy,"$12,500,000","$677,200","$4,027,663"
tt1321511,Oldboy,104.0,"Action, Drama, Mystery",5.8,63231,Samuel L. Jackson,actor,32,"Mar 25, 2005",Oldboy,"$3,000,000","$707,391","$6,239,723"
tt1440129,Battleship,131.0,"Action, Adventure, Sci-Fi",5.8,225342,Liam Neeson,actor,32,"May 18, 2012",Battleship,"$220,000,000","$65,233,400","$313,477,717"
tt2279339,Love the Coopers,107.0,"Comedy, Fantasy, Romance",5.8,18018,Steve Martin,actor,98,"Nov 13, 2015",Love the Coopers,"$18,000,000","$26,302,731","$42,227,490"
tt0800320,Clash of the Titans,106.0,"Action, Adventure, Fantasy",5.8,256176,Ralph Fiennes,actor,72,"Apr 1, 2010",Clash of the Titans,"$125,000,000","$163,214,888","$493,214,888"
tt0800320,Clash of the Titans,106.0,"Action, Adventure, Fantasy",5.8,256176,Ralph Fiennes,actor,51,"Jun 12, 1981",Clash of the Titans,"$15,000,000","$30,000,000","$44,400,000"
tt0999913,Straw Dogs,110.0,"Action, Drama, Thriller",5.8,30924,James Woods,actor,88,"Sep 16, 2011",Straw Dogs,"$25,000,000","$10,324,441","$11,253,821"
tt1540128,Playing for Keeps,105.0,"Comedy, Romance, Sport",5.7,27389,Dennis Quaid,actor,49,"Oct 3, 1986",Playing for Keeps,"$35,000,000","$2,000,000","$2,000,000"
tt2099556,Antiviral,108.0,"Horror, Sci-Fi, Thriller",5.7,11025,Malcolm McDowell,actor,63,"Apr 12, 2013",Antiviral,"$3,100,000",$0,"$123,407"
tt1298649,The Watch,102.0,"Action, Comedy, Horror",5.7,115757,Vince Vaughn,actor,27,"Jul 27, 2012",The Watch,"$55,000,000","$34,353,000","$67,130,045"
tt1413495,Paranoia,106.0,"Drama, Thriller",5.7,33149,Harrison Ford,actor,19,"Aug 16, 2013",Paranoia,"$40,000,000","$7,388,654","$16,340,767"
tt6017942,Kin,102.0,"Action, Drama, Sci-Fi",5.7,9048,Dennis Quaid,actor,88,"Aug 31, 2018",Kin,"$30,000,000","$5,718,096","$10,096,821"
tt3095734,Monster Trucks,104.0,"Action, Adventure, Comedy",5.7,13525,Barry Pepper,actor,81,"Jan 13, 2017",Monster Trucks,"$125,000,000","$33,370,166","$61,642,798"
tt3319920,Regression,106.0,"Crime, Horror, Mystery",5.7,33335,Ethan Hawke,actor,6,"Oct 30, 2015",Regression,"$20,000,000","$55,039","$15,824,374"
tt1742334,Sabotage,109.0,"Action, Crime, Drama",5.7,55597,Arnold Schwarzenegger,actor,29,"Mar 28, 2014",Sabotage,"$35,000,000","$10,508,518","$18,376,443"
tt1389072,Downsizing,135.0,"Drama, Sci-Fi",5.7,74815,Matt Damon,actor,62,"Dec 22, 2017",Downsizing,"$68,000,000","$24,449,754","$54,462,971"
tt4779682,The Meg,113.0,"Action, Horror, Sci-Fi",5.7,114042,Jason Statham,actor,94,"Aug 10, 2018",The Meg,"$178,000,000","$145,443,742","$529,530,715"
tt2024432,Identity Thief,111.0,"Adventure, Comedy, Crime",5.7,115624,Jason Bateman,actor,32,"Feb 8, 2013",Identity Thief,"$35,000,000","$134,506,920","$175,361,578"
tt2109248,Transformers: Age of Extinction,165.0,"Action, Adventure, Sci-Fi",5.7,283486,Mark Wahlberg,actor,37,"Jun 27, 2014",Transformers: Age of Extinction,"$210,000,000","$245,439,076","$1,104,039,076"
tt3862750,The Perfect Guy,100.0,"Crime, Drama, Horror",5.6,8998,Morris Chestnut,actor,78,"Sep 11, 2015",The Perfect Guy,"$18,000,000","$57,027,435","$60,278,166"
tt2096672,Dumb and Dumber To,109.0,"Adventure, Comedy",5.6,118646,Jim Carrey,actor,1,"Nov 14, 2014",Dumb and Dumber To,"$40,000,000","$86,208,010","$156,553,592"
tt2002718,Machete Kills,107.0,"Action, Crime, Sci-Fi",5.6,69968,Mel Gibson,actor,58,"Oct 11, 2013",Machete Kills,"$20,000,000","$8,008,161","$18,273,009"
tt1385867,Cop Out,107.0,"Action, Comedy, Crime",5.6,81656,Bruce Willis,actor,99,"Feb 26, 2010",Cop Out,"$37,000,000","$44,875,481","$55,909,910"
tt0472181,The Smurfs,103.0,"Adventure, Animation, Comedy",5.5,77577,Hank Azaria,actor,20,"Jul 29, 2011",The Smurfs,"$110,000,000","$142,614,158","$563,749,323"
tt3045616,Mortdecai,107.0,"Action, Comedy, Crime",5.5,61366,Johnny Depp,actor,48,"Jan 23, 2015",Mortdecai,"$60,000,000","$7,696,134","$30,396,134"
tt1133985,Green Lantern,114.0,"Action, Adventure, Sci-Fi",5.5,252281,Ryan Reynolds,actor,62,"Jun 17, 2011",Green Lantern,"$200,000,000","$116,601,172","$219,535,492"
tt1573072,Housefull,144.0,Comedy,5.5,11089,Akshay Kumar,actor,34,"Apr 30, 2010",Housefull,"$10,100,000","$1,183,658","$18,726,300"
tt2345759,The Mummy,110.0,"Action, Adventure, Fantasy",5.5,154345,Russell Crowe,actor,65,"Jun 9, 2017",The Mummy,"$195,000,000","$80,101,125","$409,953,905"
tt2345759,The Mummy,110.0,"Action, Adventure, Fantasy",5.5,154345,Russell Crowe,actor,44,"May 7, 1999",The Mummy,"$80,000,000","$155,385,488","$416,385,488"
tt3164256,Rock the Kasbah,106.0,"Comedy, Music, War",5.5,9587,Bill Murray,actor,28,"Oct 23, 2015",Rock the Kasbah,"$15,000,000","$3,020,665","$3,386,153"
tt1921064,Pompeii,105.0,"Action, Adventure, Drama",5.5,100467,Kiefer Sutherland,actor,97,"Feb 21, 2014",Pompeii,"$80,000,000","$23,169,033","$108,469,033"
tt2191701,Grown Ups 2,101.0,Comedy,5.4,128500,Adam Sandler,actor,48,"Jul 12, 2013",Grown Ups 2,"$80,000,000","$133,668,525","$247,023,808"
tt1833673,Dhoom 3,172.0,"Action, Thriller",5.4,40466,Abhishek Bachchan,actor,60,"Dec 20, 2013",Dhoom 3,"$24,000,000","$8,031,955","$11,723,620"
tt2017020,The Smurfs 2,105.0,"Adventure, Animation, Comedy",5.4,34229,Hank Azaria,actor,33,"Jul 31, 2013",The Smurfs 2,"$110,000,000","$71,017,784","$348,547,523"
tt1103153,Killers,100.0,"Action, Comedy, Romance",5.4,82237,Tom Selleck,actor,54,"Jun 4, 2010",Killers,"$75,000,000","$47,059,963","$95,572,749"
tt1423995,Stone,105.0,"Drama, Thriller",5.4,38667,Robert De Niro,actor,50,"Oct 8, 2010",Stone,"$22,000,000","$1,810,078","$4,065,020"
tt1502404,Drive Angry,104.0,"Action, Fantasy, Thriller",5.4,90203,Nicolas Cage,actor,91,"Feb 25, 2011",Drive Angry,"$50,000,000","$10,721,033","$41,042,583"
tt1243974,Aloha,105.0,"Comedy, Drama, Romance",5.4,54646,Alec Baldwin,actor,3,"May 29, 2015",Aloha,"$37,000,000","$21,052,030","$25,387,091"
tt4154916,Replicas,107.0,"Drama, Sci-Fi, Thriller",5.4,17336,Keanu Reeves,actor,62,"Nov 9, 2012",Replicas,"$4,000,000",$0,$0
tt4287320,The Circle,110.0,"Drama, Sci-Fi, Thriller",5.3,72536,Tom Hanks,actor,4,"Apr 28, 2017",The Circle,"$18,000,000","$20,497,844","$40,651,864"
tt3707106,By the Sea,122.0,"Drama, Romance",5.3,16206,Brad Pitt,actor,97,"Nov 13, 2015",By the Sea,"$20,000,000","$538,460","$3,727,746"
tt1617661,Jupiter Ascending,127.0,"Action, Adventure, Sci-Fi",5.3,166327,Sean Bean,actor,91,"Feb 6, 2015",Jupiter Ascending,"$179,000,000","$47,482,519","$181,982,519"
tt3658772,Misconduct,106.0,"Crime, Drama, Mystery",5.3,13550,Anthony Hopkins,actor,15,"Feb 5, 2016",Misconduct,"$11,000,000",$0,"$2,352,511"
tt1628841,Independence Day: Resurgence,120.0,"Action, Adventure, Sci-Fi",5.2,155344,Jeff Goldblum,actor,33,"Jun 24, 2016",Independence Day: Resurgence,"$165,000,000","$103,144,286","$384,169,424"
tt2032572,USS Indianapolis: Men of Courage,128.0,"Action, Drama, History",5.2,9453,Nicolas Cage,actor,40,"Nov 11, 2016",USS Indianapolis: Men of Courage,"$40,000,000",$0,"$1,663,785"
tt3371366,Transformers: The Last Knight,154.0,"Action, Adventure, Sci-Fi",5.2,119007,Anthony Hopkins,actor,33,"Jun 21, 2017",Transformers: The Last Knight,"$217,000,000","$130,168,683","$602,893,340"
tt2205401,Addicted,106.0,"Drama, Thriller",5.2,7640,Tyson Beckford,actor,96,"Oct 10, 2014",Addicted,"$5,000,000","$17,390,770","$17,499,242"
tt1293847,xXx: Return of Xander Cage,107.0,"Action, Adventure, Thriller",5.2,77976,Vin Diesel,actor,15,"Jan 20, 2017",xXx: Return of Xander Cage,"$85,000,000","$44,898,413","$345,033,359"
tt1038686,Legion,100.0,"Action, Fantasy, Horror",5.2,92709,Dennis Quaid,actor,37,"Jan 22, 2010",Legion,"$26,000,000","$40,168,080","$67,647,574"
tt1600195,Abduction,106.0,"Action, Mystery, Thriller",5.1,72552,Alfred Molina,actor,96,"Sep 23, 2011",Abduction,"$35,000,000","$28,087,155","$86,648,359"
tt1731697,The Lords of Salem,101.0,"Horror, Thriller",5.1,25089,Bruce Davison,actor,84,"Apr 19, 2013",The Lords of Salem,"$1,500,000","$1,165,881","$1,541,131"
tt3835080,31,102.0,"Horror, Thriller",5.1,15055,Malcolm McDowell,actor,85,"Oct 21, 2016",31,"$1,500,000","$779,820","$922,727"
tt2690138,The D Train,101.0,"Comedy, Drama",5.0,10066,Jeffrey Tambor,actor,34,"May 8, 2015",The D Train,"$3,000,000","$669,688","$772,366"
